{"loss": [2.1831802556164375, 1.3909437588466111, 1.1274874911940653, 0.945489793652702, 0.809908804115856, 0.7001146505596817, 0.6145362432498659, 0.5369418622558689, 0.47813063396347893, 0.42720018133894944, 0.3835335641351652, 0.3473886273881441, 0.3127430891264297, 0.2856053921484178, 0.2583376833935365, 0.2367083418967476, 0.2180308790456864, 0.19976254083136077, 0.18572543834913588, 0.1316078054034368, 0.1174277591529072, 0.10976524230987368, 0.10347703323836395, 0.09792154294882624, 0.09329580322281861, 0.08960472218772417, 0.08594137826220109, 0.08238177821841292, 0.07913169220730823, 0.0753264813413543, 0.07331301265105765, 0.07165200476631468, 0.06963118700490843, 0.06705428232909531, 0.06569420393008912, 0.06316120846190333, 0.06214527150876419, 0.060318110313092935, 0.0584231478031925, 0.04276580886120865, 0.04005231063305584, 0.03926555383149334, 0.03827004108818308, 0.03735145419422123, 0.03652026088821525, 0.03552830494259314, 0.03508864727845969, 0.03430057307404857, 0.033630018653247946, 0.03327757640938712], "regression_loss": [1.745483356564703, 1.121456119108371, 0.8957146539055746, 0.7396535982154177, 0.6260779240652652, 0.534434964814921, 0.4650101888564325, 0.4041866494763282, 0.3589965066281698, 0.3219971154646207, 0.28952019606653506, 0.2649262740727394, 0.24039486912629937, 0.22207789726582053, 0.20327673490329456, 0.18917177512867903, 0.1766893565494527, 0.1640952057949531, 0.15459102576458325, 0.10888614011761535, 0.09758149203059921, 0.0921841517705003, 0.08763883489327619, 0.08358945728790375, 0.08026524285208367, 0.07769326509166789, 0.07496103070088826, 0.07220224832521759, 0.06976380749308507, 0.06660091391227152, 0.06524999690873008, 0.06420572897466066, 0.06257397237377355, 0.0604589293373742, 0.0593909258817366, 0.05748331570684055, 0.056642495468258856, 0.0551561640568852, 0.05359944701862378, 0.03896907020867619, 0.036540349055495525, 0.03594893966484348, 0.03512232315703212, 0.0343611247904305, 0.03368127966453204, 0.032850123458545266, 0.03254303097938551, 0.03187732594187862, 0.031348820018672174, 0.03105262406837983], "val_regression_loss": [1.3944737883976528, 1.1836178800037929, 1.1499905807631357, 1.1297013320241656, 1.1126832851341792, 1.1097843635082245, 1.1081325682571956, 1.1506917328493935, 1.1578006785256523, 1.1919981842381613, 1.1504805123806, 1.150905935253416, 1.1864339397634778, 1.194899583714349, 1.1721510655539376, 1.1984826729978835, 1.1884602509226119, 1.1696508703913007, 1.2110309331757683, 1.1971975461074285, 1.2139377772808075, 1.2096828438554492, 1.2198875110489982, 1.2289412334987095, 1.2203354397841861, 1.25037165250097, 1.2184246134757997, 1.2409887528419494, 1.237391916513443, 1.2350718128681182, 1.2246433283601488, 1.2246942503111704, 1.2379249031203134, 1.2267839700835093, 1.2250356430666787, 1.2749654378209796, 1.230424153464181, 1.2227814028944288, 1.2404635405540467, 1.2373582678181785, 1.2429062734331404, 1.246088102374758, 1.24147627558027, 1.264136267219271, 1.2421853721141816, 1.2524236224378857, 1.259636617728642, 1.2440111899375916, 1.2635927396161215, 1.254586341381073], "val_classification_loss": [0.7674576591593879, 0.783808451465198, 0.8545727288722992, 1.066432157754898, 0.9753820165566036, 1.0074512461253575, 1.574559850352151, 1.1961904725858143, 1.5657204782111305, 2.2108806269509453, 2.453491448845182, 3.08152676650456, 3.5152247388022286, 4.783117779323033, 4.255134239196777, 5.333022172451019, 7.940467864445278, 7.160377204418182, 5.86624885729381, 8.770817274366106, 8.876270795549665, 11.125966104098728, 11.436131075450353, 12.663781552314758, 12.017171733719962, 12.013876713344029, 13.62417514528547, 12.166272699492318, 15.196365511757987, 15.949934562955583, 15.837312132971627, 15.131654168537684, 16.558354140690394, 16.17056526047843, 15.947498121261596, 15.873354741505214, 18.259304637908937, 18.922757298605784, 16.825649945395334, 19.657433362688337, 20.19140734263829, 21.365115688868933, 21.446023033687048, 21.424527943474907, 22.762689804349627, 22.19600243159703, 23.52900302342006, 22.563318982805523, 24.202838638850622, 23.74911777496338], "val_loss": [2.1619314479827882, 1.9674263300214494, 2.0045633162770953, 2.196133500167302, 2.0880653085027423, 2.117235607760293, 2.6826924307005746, 2.3468822063718524, 2.7235211494990756, 3.402878793988909, 3.6039719554356164, 4.232432694435119, 4.701658666474478, 5.978017367635455, 5.427285291807992, 6.531504824502128, 9.12892811843327, 8.3300280720847, 7.077279784338815, 9.968014834267752, 10.090208559036254, 12.335648923601424, 12.656018642698015, 13.89272280556815, 13.237507217952183, 13.264248407908848, 14.842599819728306, 13.407261456080846, 16.433757348741803, 17.185006381443568, 17.06195543016706, 16.35634841782706, 17.796279088429042, 17.39734923498971, 17.172533829552787, 17.14832021032061, 19.489728818620954, 20.145538741520472, 18.06611344064985, 20.894791616712297, 21.434313700539725, 22.61120384488787, 22.68749934741429, 22.688664293289186, 24.00487509863717, 23.448425990513392, 24.78863952909197, 23.807330199650355, 25.466431416102818, 25.003704133714947], "classification_loss": [0.4376968995217354, 0.2694876383068741, 0.23177283732053627, 0.205836195394557, 0.18383088050990976, 0.16567968590498824, 0.14952605491150237, 0.13275521261397227, 0.11913412773587798, 0.10520306565535112, 0.09401336802056186, 0.08246235294421086, 0.07234822021376702, 0.06352749455413083, 0.05506094877998675, 0.04753656663187516, 0.04134152242546654, 0.035667334849475534, 0.031134412521129227, 0.022721665214386677, 0.01984626710628523, 0.017581090615481458, 0.015838198370457125, 0.014332085772747956, 0.013030560309314387, 0.011911457005761376, 0.010980347648436558, 0.010179529898870056, 0.009367884734418496, 0.008725567508362047, 0.008063015742995193, 0.007446275707534564, 0.007057214624542196, 0.006595352962095704, 0.0063032780258205304, 0.005677892796705246, 0.005502776037083812, 0.005161946296264621, 0.004823700743134878, 0.003796738655995711, 0.0035119616268803515, 0.0033166141693203254, 0.0031477179205943047, 0.0029903293781084308, 0.0028389812816405086, 0.0026781814652294803, 0.002545616283134881, 0.002423247103358195, 0.0022811986928460218, 0.0022249523468697813]}