{"loss": [3.549281459670883, 2.777163784783166, 2.488958546707222, 2.2329601355501123, 2.1539237955669024, 2.0043226013312467, 1.9226034321226515, 1.8410062886573173, 1.8282487054128904, 1.7786287219674737, 1.6969849018900245, 1.6350562346948159, 1.637379814912607], "regression_loss": [2.66623119405798, 2.285711899534002, 2.043683626093306, 1.836697233152819, 1.759098226959641, 1.6330765034701373, 1.5725942938714415, 1.507402959707621, 1.4983414016865395, 1.4469698544021126, 1.3874716141202428, 1.3350522228189416, 1.3299346354093637], "val_regression_loss": [2.4444378809495406, 2.0624011820012873, 1.9246524529023603, 1.8807424285195091, 1.8561479438434947, 1.8990946401249278, 1.9996164668690075, 2.007202480056069, 1.7621140415018255, 1.8672927661375567, 1.7564383029937745, 1.654945265163075, 1.6789757836948742], "val_classification_loss": [0.6567013063214042, 0.6621879377148369, 0.5590411300008947, 0.6513079291040247, 0.512864351272583, 0.6260309707034718, 0.6420123745094646, 0.5461027941920541, 0.5715284553441135, 0.5951494059779427, 0.6196185095743699, 0.48186715082688764, 0.6144488898190585], "val_loss": [3.101139189980247, 2.724589135430076, 2.483693582361395, 2.532050366835161, 2.3690122864463112, 2.5251256465911864, 2.6416288289156826, 2.553305253115567, 2.3336424935947764, 2.4624421726573598, 2.3760568011890757, 2.136812413822521, 2.2934246691790494], "classification_loss": [0.8830502648074348, 0.49145189222988783, 0.4452749190029797, 0.3962628980343406, 0.39482556632510174, 0.37124610121722695, 0.35000913643890674, 0.33360332646616947, 0.3299073050687979, 0.3316588709214786, 0.30951329099165426, 0.3000040123457307, 0.30744517822791867]}