{"loss": [2.8584146219342412, 2.0235478955785005, 1.5672488044239714, 1.2289933995961289, 0.9724127523787988, 0.7859882616227672, 0.6581819610783703, 0.560734535032703, 0.48297026174470087, 0.42494638013156083, 0.37463304055420726, 0.33457653531036924, 0.30221598862960775, 0.2749271953405018], "regression_loss": [2.314492852969836, 1.6453293529462643, 1.2501112447417337, 0.964091953752716, 0.7562062222470519, 0.6071407259365137, 0.5066179313112757, 0.43090657025682455, 0.3721089192829679, 0.3292170814715833, 0.29222205482076147, 0.26303201191741504, 0.23949759671444534, 0.21996332157576812], "val_regression_loss": [2.009220629419599, 1.7687312013762337, 1.7089117465700423, 1.7302649354934692, 1.7280316247258867, 1.7488593210492815, 1.786305661882673, 1.7935524075371878, 1.7999048226220267, 1.7806526844842094, 1.8046289610862731, 1.8279471002306258, 1.8725963292803083, 1.823594308580671], "val_classification_loss": [0.7985986207212721, 0.8265728953054973, 0.802227041551045, 1.0422000450747353, 1.2511885951246533, 1.4611925906794412, 1.5766453714030129, 1.9413633789334979, 2.3652212854794095, 2.86201933997018, 3.1557824093954903, 3.615020023754665, 3.755648809160505, 4.173864023344858], "val_loss": [2.8078192363466536, 2.595304092679705, 2.511138778754643, 2.772464974948338, 2.9792202118464877, 3.2100519227981565, 3.3629510484422958, 3.7349157796587265, 4.1651260914121355, 4.642672024454389, 4.960411364691598, 5.442967115129743, 5.628245135716029, 5.997458324432373], "classification_loss": [0.543921768451677, 0.3782185408590515, 0.31713755927632786, 0.26490144524523007, 0.21620652996083742, 0.17884753636989115, 0.15156402931311652, 0.1298279644928098, 0.11086134278752897, 0.09572929836355658, 0.08241098558122967, 0.07154452359056815, 0.06271839215550372, 0.054963873532403756]}