{"loss": [7.189882055242011, 5.369778044680332, 4.711149378025786, 4.2363082145122775, 3.8179129691834146, 3.3780450364376637, 3.1736215479830476, 3.048768144972781, 2.9094240158162217, 2.8171008647756373, 2.7346972861188523, 2.578889532292143, 2.117047888167361, 1.7819059453112014, 1.651846596535216, 1.5360153812043211, 1.4734842117796554, 1.4130745403310085, 1.3384248829902488, 1.2982152294605336, 1.2642057981896908, 1.2076407430019784, 1.190635698906919, 1.1824447005353076, 1.1412607723094048, 1.1289165882354086, 1.127416694417913, 1.0985793636200276, 1.0819539262893352, 1.1185361058154004, 1.0355661650921435, 1.0088480850483508, 0.9889120142510597, 0.9695151498977174, 0.9557998852526888, 0.9646159676795311, 0.983969049250826, 0.9528495758137805, 0.9579112605845674, 0.9254263436540644, 0.9140827871383504, 0.9006298438031622, 0.8827557449645185, 0.8787346723231864, 0.8715474351923517, 0.8734603612980945, 0.8592609864600161, 0.851804238684634, 0.8479719973625021, 0.837301955578175], "jaccard_coef_int": [0.16032657205582934, 0.19235721452439086, 0.19801266245702479, 0.2101577434768068, 0.23758683813379167, 0.2740760499492605, 0.28579700373588723, 0.2958765870079081, 0.31153449035705405, 0.32292061536870104, 0.33730912525603113, 0.358735331829558, 0.45176526396832567, 0.5028667795531293, 0.518889307341677, 0.5412758170290196, 0.5515300504704739, 0.5619298460635733, 0.5784308612346649, 0.5876582543900672, 0.5952744395174878, 0.6091560917965909, 0.6131840062902328, 0.6138563359037359, 0.6247211884944996, 0.6277087755659794, 0.6271566152572632, 0.6348097260962141, 0.6389028499735162, 0.6288916329120068, 0.6515845656394958, 0.6598720411036877, 0.6647128932019497, 0.6707491189875501, 0.674165205752596, 0.6713022298001229, 0.6665799643131013, 0.6751642848582978, 0.6737427977805442, 0.6827539459187933, 0.6862055836839879, 0.6896628001902966, 0.6947991010990548, 0.6964866861383966, 0.698324166713877, 0.6973439074577169, 0.7018877635610864, 0.7040523417452549, 0.7046911627688306, 0.7085231276268654], "binary_crossentropy": [1.3102998391110847, 1.5748876307873017, 1.4936477554605363, 1.3387656034307276, 1.2384713317485565, 1.1554337854081012, 1.0966738399038924, 1.0772472645374054, 1.0606793431525534, 1.0355240081218964, 1.0025886956681596, 0.9044391982098843, 0.5229930662094279, 0.44401651747683263, 0.42434617116096174, 0.4173077363917168, 0.41539932121621803, 0.3956434083111743, 0.3862160862760341, 0.3866003612254528, 0.3768008528871739, 0.36618119414816513, 0.36743294051352965, 0.36548700992097244, 0.35635483233218496, 0.3622159891306086, 0.36267817527689833, 0.3595955432095426, 0.3552064489811025, 0.37158369700959387, 0.34581117046640275, 0.3400175222691069, 0.3334361387694136, 0.32983881171713486, 0.32398842814120843, 0.32898512387529333, 0.3400734758123438, 0.329495924584409, 0.33194378081788406, 0.3205696553625959, 0.31677379348176593, 0.31130876566501375, 0.30550041287503343, 0.3063011562570612, 0.3036067523854844, 0.3039040321365316, 0.3007668821101493, 0.2981473461110541, 0.29641570848353366, 0.29396929829678636], "val_binary_crossentropy": [5.850603302319844, 5.525885979334514, 1.819768746693929, 3.5139065384864807, 1.9447297205527623, 1.2680604010820389, 0.928941602508227, 0.8396827280521393, 0.7091168612241745, 0.8656275669733683, 0.6851867660880089, 0.46095089862744015, 0.4493945501744747, 0.4545159886280696, 0.48059845964113873, 0.41036691268285114, 0.4014665534098943, 0.40622974932193756, 0.3866640081008275, 0.3548114486038685, 0.8589179341991743, 0.35439862310886383, 0.37304385254780453, 0.3600598747531573, 0.47146496921777725, 0.4113772287964821, 0.774938722451528, 0.3849484622478485, 0.36397838592529297, 0.48668106396993, 0.38232555985450745, 0.32657355566819507, 0.3714253281553586, 0.35753058766325313, 0.3404223794738452, 0.3349628460903962, 0.3371008721490701, 0.3421316109597683, 0.3529638300339381, 0.3892809400955836, 0.35518688956896466, 0.3703287715713183, 0.33936873202522594, 0.3423618897795677, 0.3400338975091775, 0.3378803680340449, 0.3370341969033082, 0.34490127364794415, 0.3523280570904414, 0.3403288163244724], "val_loss": [9.181426684061686, 9.820505539576212, 4.928749601046245, 6.847398042678833, 4.297656834125519, 4.278620600700378, 3.2895906368891397, 2.750170409679413, 2.8638513485590615, 2.9468467434247336, 2.6012821992238364, 2.6432171861330667, 1.9065153002738953, 2.5301605065663657, 1.930106282234192, 1.5265057782332103, 1.5220734576384227, 1.753294308980306, 1.4704428613185883, 1.3278559645016987, 3.03090105454127, 1.2653202811876934, 1.4709311326344807, 1.3750701944033306, 1.8858291109402974, 1.6876519123713176, 2.9604175885518393, 1.4149961372216542, 1.2316875358422597, 1.5746357937653859, 1.2844239870707195, 1.0753892064094543, 1.2031715909639995, 1.1515331466992695, 1.1133128553628922, 1.107516845067342, 1.0846564918756485, 1.094916840394338, 1.1393075784047444, 1.2574782967567444, 1.123705307642619, 1.1875070681174595, 1.061373621225357, 1.0970575362443924, 1.0583189179499943, 1.0585632026195526, 1.0505288193623226, 1.0549747794866562, 1.0867989659309387, 1.0360487401485443], "val_jaccard_coef_int": [0.09182555911441644, 0.09037558330843846, 0.1489650330816706, 0.12870245861510435, 0.18691738694906235, 0.17374880984425545, 0.19166559353470802, 0.27112777531147003, 0.2243877425789833, 0.2421429045498371, 0.2841602812210719, 0.2492896964152654, 0.41074931621551514, 0.2428194967408975, 0.38435210039218265, 0.488245149453481, 0.48343343039353687, 0.4170575241247813, 0.5021069993575414, 0.5414339651664098, 0.2408827698479096, 0.5571575835347176, 0.489244282245636, 0.51069459070762, 0.3714849278330803, 0.4134211639563243, 0.2367541572699944, 0.49962196002403897, 0.5578915849328041, 0.4756644194324811, 0.5419397627313932, 0.6069914400577545, 0.5685694267352422, 0.5848090350627899, 0.5938106576601664, 0.5929092963536581, 0.6025989900032679, 0.5990690688292185, 0.5848211646080017, 0.548073910176754, 0.5900932997465134, 0.5692605823278427, 0.6092722912629446, 0.5952953199545542, 0.6109618643919627, 0.6096401611963908, 0.6120488444964091, 0.6129897634188334, 0.601753776272138, 0.6190454562505087]}