{"loss": [0.828863504085135, 0.8139818019055306, 0.8159614687270307, 0.8103192867116725, 0.8037766604981524, 0.7993595891810478, 0.8014775958467037, 0.7935407136348968, 0.7994159954659482, 0.7850332139654362, 0.7786232588138986, 0.77053350590645, 0.7687788770553914, 0.774594469273344, 0.7664527195565244, 0.7634607134981358, 0.7643248153493759, 0.7628320170209762, 0.7582275131915478, 0.7546390535983634, 0.7518442222412597, 0.7534436539132544], "jaccard_coef_int": [0.7107652692084617, 0.7154082643224838, 0.7140326512620804, 0.7158771651856443, 0.7179736152608344, 0.7189894610262931, 0.718516063182912, 0.720781904585818, 0.7185363262257678, 0.7235589724905948, 0.7249225213172588, 0.7276220968429078, 0.7282599172693618, 0.7262797152742426, 0.7286248752411376, 0.7297655775191936, 0.729445440972105, 0.729572168056001, 0.7312205928437253, 0.7323469443524138, 0.7331060462809623, 0.7328767028260739], "binary_crossentropy": [0.2922520307784385, 0.28899151403853235, 0.2911340121893173, 0.2919029285933109, 0.29160365335484767, 0.2914679747946719, 0.2945867681756933, 0.29332005565470837, 0.29721571092909954, 0.29326945765221374, 0.2909340588970387, 0.2889697386863384, 0.2896554133993514, 0.29270760271143403, 0.2899807507687427, 0.2898093151285293, 0.2908121813484963, 0.29037968275394843, 0.28977766220873974, 0.28902771308067, 0.2880331721711666, 0.2898654855312185], "val_binary_crossentropy": [0.3586363469560941, 0.3474826216697693, 0.3450207859277725, 0.3562682196497917, 0.35017748301227886, 0.3449767902493477, 0.3440126068890095, 0.35210467750827473, 0.37667909761269885, 0.3510028397043546, 0.36378999799489975, 0.3567812591791153, 0.36522195239861804, 0.3545936793088913, 0.3618658830722173, 0.35970277339220047, 0.36030113697052, 0.3617440275847912, 0.3603128641843796, 0.35861608137687045, 0.3631562838951747, 0.3664231300354004], "val_loss": [1.0974219640096028, 1.036418189605077, 1.020246336857478, 1.0335599432388942, 1.0175268699725468, 0.9970232794682184, 0.9914054075876871, 1.0192783673604329, 1.0999016215403874, 1.011511926849683, 1.030283545454343, 1.0034973074992497, 1.0236819237470627, 0.9973195195198059, 1.006180872519811, 0.9929328312476476, 0.9980143407980601, 1.001301070054372, 0.989915465315183, 0.9902833849191666, 0.996497223774592, 1.003725657860438], "val_jaccard_coef_int": [0.5980162223180135, 0.6185558636983236, 0.6239374876022339, 0.6205948293209076, 0.6248638232549032, 0.6305342415968577, 0.632852037747701, 0.622299055258433, 0.5961913416783015, 0.6245887180169424, 0.6202219476302465, 0.6293104638655981, 0.622749408086141, 0.6307704846064249, 0.6286728531122208, 0.6332848270734152, 0.6308047076066335, 0.6298784414927164, 0.6336759527524313, 0.6329730351765951, 0.6320381313562393, 0.6292940626541773]}