{"loss": [5.881933595394266, 3.61163313799891, 2.4553069246226342, 1.8654384440389173, 1.644509530067444, 1.5199299216270448, 1.47165512833102, 1.4042403521208928, 1.3757948809656604, 1.30453784794643, 1.2798786627835241, 1.2394927920966312, 1.2252596365994421, 1.2016244333365869, 1.183847488617075, 1.170780331101911, 1.1656481652424253, 1.1379859274831312, 1.1225932832421928, 1.1279848242628163, 1.1288081292448373, 1.1084572031580169, 1.0910910655712258, 1.0672900467083373, 1.0692869297389327, 1.0654083457486383, 1.0503734489967083, 1.03858069921362, 1.0446834317569076, 1.021467046491031, 0.9850837234793038, 0.9669280660563502, 0.9531612712761451, 0.9367782091272289, 0.9313352292981641, 0.9191844377024421, 0.9123167995748849, 0.9139763453911091, 0.8900455265209593, 0.8742211292529928, 0.8615345424619214, 0.8577712856490036, 0.8460422310335883, 0.8361673852493023, 0.8261516242191709, 0.8263031495028529, 0.821080938700972, 0.8187622738295588, 0.8146259122881396, 0.7986007780864322, 0.7909102010315863, 0.7879910902730349, 0.7860449963602526, 0.7761975465149715, 0.7771008779262675, 0.773001236134562, 0.7706134974956512, 0.765474679141209, 0.7650600655325528, 0.7566100402124997, 0.7558624351846761, 0.7562244016548683, 0.7518476860276584, 0.7492306378381005, 0.7460794681105121, 0.7478385941735629, 0.7407475899005759, 0.7402453091637842, 0.7389526509005447, 0.7371770815602664, 0.7382078345479637, 0.7337198280054947, 0.7338452476879646, 0.7313433371741196, 0.7328309838114113, 0.7315448878140285, 0.7311109927193872, 0.7293341893574287, 0.7290305460321492, 0.7278149349936124, 0.7232196546834091, 0.7246402697316532, 0.7264363940419822, 0.7239800732711266, 0.7257837266757571, 0.7232584227775706, 0.7232729591172317, 0.722213098304025, 0.7251821659762284, 0.7222525095117504, 0.720460914948891, 0.7217428554748667, 0.7192677869878966, 0.7205289725599617, 0.7207726044901486, 0.7187111371550067, 0.7188677962484031, 0.716846534507028, 0.7165373323292568, 0.7175940047050344], "jaccard_coef_int": [0.16428578105466118, 0.2626035707264111, 0.38554800121948635, 0.4574316489285436, 0.49159203510859917, 0.5157084666449449, 0.5253846006146793, 0.5406832370264777, 0.5471080442954754, 0.5644962516324273, 0.5709913354495476, 0.5819918116618847, 0.5850697106328504, 0.5913637588764059, 0.5960536802637166, 0.5996581755835434, 0.6011797004732592, 0.6088001140232744, 0.6128279309848259, 0.6111676168852839, 0.611524936865116, 0.6164060510438064, 0.6215867237798098, 0.6284804580540493, 0.6278907486077012, 0.6284342081382357, 0.632685250043869, 0.6365210043972936, 0.6344643044060674, 0.6408665613881472, 0.6514367755117088, 0.6570323668677231, 0.660495911384451, 0.6653767036980596, 0.6671505537526361, 0.6705639317117889, 0.6726838638042582, 0.6719746706814601, 0.6793478990423268, 0.6839291864428027, 0.6877166686386897, 0.6889610701593859, 0.692627475179475, 0.6952971534482364, 0.6983679323360837, 0.6985701634966094, 0.699948157935307, 0.7008005623159738, 0.7019652050116967, 0.7068141653619964, 0.7094277353122317, 0.7102132768466555, 0.7109990181594059, 0.713987646842825, 0.7137112559943364, 0.7149169979424312, 0.715584724113859, 0.7172960667774595, 0.717322826385498, 0.7199928731753908, 0.7203325703226287, 0.7201668315920337, 0.721469874628659, 0.7223630231002282, 0.7234502615599797, 0.7227655180569352, 0.7249348422576641, 0.7251633738649302, 0.7256244836182429, 0.7260642429877971, 0.7257244138882077, 0.7273516001372502, 0.7271555551167193, 0.727988469189611, 0.7275379694741347, 0.7279951605303534, 0.7280731386151807, 0.7286592064232662, 0.7287266451736977, 0.7291187343926265, 0.7305439780498373, 0.7300843896536992, 0.7295285948391619, 0.7302176553627541, 0.729780611087536, 0.7304903942963172, 0.7305379082416666, 0.7307098437999857, 0.7299068660571657, 0.7307914372148185, 0.731417112925957, 0.7310518083901241, 0.7317920956118353, 0.7313723966993134, 0.7312337904140866, 0.7319346715664041, 0.7318738719512676, 0.7324976497683032, 0.7327167079366487, 0.7323882764783399], "binary_crossentropy": [1.3736779607575516, 0.9911583493495809, 0.6548752459986457, 0.5030976451676468, 0.46680919589667486, 0.45371037310567397, 0.45622795923002835, 0.4455698788166046, 0.4496963114574038, 0.43344456368479234, 0.43524206075175054, 0.4285571175402608, 0.42756114417109, 0.4272576566400199, 0.42499815965520926, 0.42646797915984846, 0.43124899792260135, 0.4242639056567488, 0.4221806212745864, 0.4270148495147968, 0.43368023150953755, 0.4277024454083936, 0.42489513857611294, 0.41940523334618274, 0.42208623577808513, 0.4234279620236364, 0.41980759933077055, 0.4179829913994362, 0.4250888050630175, 0.4165984782679328, 0.4049915224313736, 0.3981699556112289, 0.3925762309082623, 0.386334392736698, 0.3854227485327885, 0.380737969073756, 0.3800410377568212, 0.3813240430478392, 0.3723671697337052, 0.36625458896160124, 0.36144163701040993, 0.3612144901834685, 0.3570079229001341, 0.3530503170243625, 0.34987569286905484, 0.3508361300517773, 0.3488915020021899, 0.34906556606292727, 0.34786940360891405, 0.3413326032202819, 0.33844952141416484, 0.3371969589899326, 0.3368715504120136, 0.33334988848916414, 0.3344449012443937, 0.33257549209841364, 0.3319254453839927, 0.32996853795544856, 0.3302041971477969, 0.3273681520388044, 0.3277487702410797, 0.3281435599614834, 0.3259138137102127, 0.32485750738916724, 0.32382519604830906, 0.324776628613472, 0.32170189516297704, 0.3222701184708497, 0.32222645755471857, 0.3214113282746282, 0.32188623537277355, 0.3202839383791233, 0.3205269451799064, 0.31933028893224125, 0.32058371685702225, 0.32013050780214114, 0.3199239759609617, 0.31918672138246995, 0.3193311856738452, 0.3189144806615238, 0.3167996199994252, 0.3174790066891703, 0.318684007587104, 0.31710171617310623, 0.3185073765187428, 0.31698000523550757, 0.3174957793334435, 0.31683931587071257, 0.31855874359607694, 0.3174963320123738, 0.31651794427427754, 0.31720075257893265, 0.31591271367566337, 0.3166827081606306, 0.3167547582552351, 0.3158794441099825, 0.3160829456715748, 0.3151473590012254, 0.3151171537308857, 0.315616888938279],