{"loss": [3.961267150681594, 2.565702765563439, 1.9155995212752244, 1.6561076349225539, 1.5168439001872622, 1.3879448594718145, 1.3115111560657107, 1.2619616278286638, 1.2462689451102553, 1.1451950241779458, 1.1024839477292423, 1.0689927808169661], "jaccard_coef_int": [0.32274204670483697, 0.39735954148245267, 0.49700248010199644, 0.5409742104596105, 0.5666793483084646, 0.5922493495817842, 0.607885043991023, 0.6213803433138748, 0.6251497511206002, 0.6455903788065088, 0.6572644219316285, 0.6644403120567058], "binary_crossentropy": [1.1845940100735632, 0.8562978310831661, 0.7110138795499144, 0.6386793652485157, 0.5975859278234942, 0.5677508442566312, 0.5518023425135119, 0.5375139353604153, 0.5452120850826132, 0.5074066045983084, 0.4996346915590352, 0.4807100401870136], "val_binary_crossentropy": [5.6553488539324865, 1.0182207044627931, 1.2100667440228992, 1.258059521516164, 0.698453813791275, 0.7158837939302126, 0.6001928200324377, 0.690038739807076, 5.1612459023793535, 0.8982019432716899, 0.5919851917359564, 0.4623679543534915], "val_loss": [7.862241268157959, 2.18672647078832, 2.114225063059065, 2.3372465471426644, 1.5884954068395827, 1.4409286561939452, 1.1748200009266536, 1.4996060596572027, 6.57299378183153, 1.802003072367774, 1.1764551947514217, 0.9512112331059244], "val_jaccard_coef_int": [0.22348880188332665, 0.4791359512342347, 0.5184451937675476, 0.48268623443113434, 0.5518066154585944, 0.5947054169244237, 0.6545812454488542, 0.5752608875433604, 0.32896306614081067, 0.535601923863093, 0.6544337769349416, 0.7018473703000281]}