{"loss": [6.041095378551077, 4.0539243779283884, 3.1379696105388883, 2.536230797463275, 2.1322657681526023, 1.9058894147264196, 1.7739376489152299, 1.6681183297583397, 1.461078333093765, 1.3893049359321594, 1.3413583331919732, 1.2760555097397337, 1.2879798412322998, 1.1920520675943254, 1.113538384437561, 1.1020656367565722, 1.1131455885603072, 1.0363270970101053, 0.9964203035577814, 0.9579433862199175, 0.9291375139926342, 0.9136344879231555, 0.899165153503418, 0.9591176027947284, 0.8934901242560529, 0.8612549216189282, 0.8551644530702145, 0.8294407788743364, 0.8220032269650317, 0.8222520826978886, 0.7666882885263321, 0.7821826351449844, 0.7391545924734562, 0.7143695411529947, 0.688037633261782, 0.6718257297860816, 0.6493934633884024, 0.6447275674089472, 0.6185435411777902, 0.5963516780670653, 0.5735377751766367, 0.5468282059152075, 0.5306195077743936, 0.5132850091508094, 0.49511790592619714, 0.48108550208680173, 0.47467954488510783, 0.4667581338831719, 0.4540034811547462, 0.4466836192506425], "jaccard_coef_int": [0.2621784597001177, 0.35776589969371225, 0.42197967938920283, 0.4781480812011881, 0.5242345944998112, 0.548124963298757, 0.5632131346996795, 0.5793818923387122, 0.612982932557451, 0.6264639896281222, 0.6335648932355515, 0.6453086556272304, 0.6403795892887927, 0.6601881968214157, 0.6788744748906886, 0.6813479465373019, 0.6751122633193402, 0.6935235597985856, 0.7030170420382885, 0.7114290246304046, 0.7180866332764321, 0.7213891947523077, 0.7254395814652138, 0.7079369596978451, 0.7253308828840864, 0.7339470475278003, 0.7352106647288545, 0.7416267610610799, 0.7434665186608092, 0.7437567748921983, 0.7586492350760926, 0.7545078866025234, 0.7669493200931143, 0.7732987518006182, 0.7803299908942365, 0.7851850910389677, 0.7918453508235038, 0.7924227207265002, 0.8008587702791742, 0.8066271632275683, 0.813376321437511, 0.8213644661801927, 0.8261106699071032, 0.8312366313122689, 0.8366445531236365, 0.8409505613306736, 0.8427936193790841, 0.845263715754164, 0.8492372327662528, 0.8513357854904012], "binary_crossentropy": [1.1727111149341503, 1.1044404963229566, 0.9378653561815302, 0.8015427170915806, 0.6884834227409768, 0.6207712527285231, 0.593867598695958, 0.5752724954422485, 0.5032829648636757, 0.48532709415922776, 0.47646263939269046, 0.4561444983837452, 0.4573207123482481, 0.4343346484163974, 0.4073224536916043, 0.41348124913712764, 0.41622074233724715, 0.3917311620205007, 0.38076728360450013, 0.36547351073711476, 0.3575326461107173, 0.355869138177405, 0.35279966351833747, 0.3744436654638737, 0.35193525793704583, 0.34468613628377304, 0.340035987344194, 0.3316101111630176, 0.33203452191454297, 0.33574450776932085, 0.31435596340514244, 0.3209048443018122, 0.3043867381329232, 0.2928557053525397, 0.28241444173011376, 0.27484786193421545, 0.2665621562206999, 0.2648282824678624, 0.25482798542114016, 0.24502275250059494, 0.23449185902767994, 0.22372422066140682, 0.21689826614679175, 0.20949228234747622, 0.20178360618809435, 0.19583544594810365, 0.19338173958215307, 0.19025817022044608, 0.1852022277865004, 0.18199732852108935], "val_binary_crossentropy": [5.916133324305217, 4.3823050657908125, 4.2968412439028425, 4.711941083272298, 0.6384084324042002, 0.43587134778499603, 0.4402606214086215, 0.4550142288208008, 0.3781975954771042, 0.4205485557516416, 0.3911932980020841, 0.5717496698101362, 0.9951464980840683, 0.4306233574946721, 0.39555444444219273, 0.42685195058584213, 0.40494610369205475, 0.3825203801194827, 0.37540680915117264, 0.3831820959846179, 0.6044053559501966, 0.4192488491535187, 2.8079010248184204, 1.432957336306572, 0.37277526160081226, 1.655026336510976, 0.37296190361181897, 0.3979806862771511, 1.561868707338969, 0.42064911872148514, 0.3791000929971536, 0.3987326001127561, 0.37035765995581943, 0.49697157243887585, 0.35203193376461667, 0.35391038407882053, 0.4422026922305425, 0.33741555983821553, 0.3392561450600624, 0.5693914120395979, 0.38291321073969203, 0.3478530744711558, 0.3350169522066911, 0.3683444745838642, 0.34557943046092987, 0.3496212537089984, 0.35520054151614505, 0.3677661841114362, 0.35926201318701106, 0.3488379642367363], "val_loss": [9.776982148488363, 8.015724579493204, 8.3593620856603, 7.712048610051473, 1.877008706331253, 1.9453537166118622, 1.7380578617254894, 1.4169156551361084, 1.4771747887134552, 1.2666959861914318, 1.2388497740030289, 1.6223628123601277, 2.654798080523809, 1.2041433254877727, 1.191741516192754, 1.379130095243454, 1.11418221394221, 1.2599724531173706, 1.1031353423992794, 1.2221708993117015, 1.7803502182165782, 1.1845591962337494, 5.230386833349864, 3.47313263018926, 1.0467918515205383, 3.280050834019979, 1.0220498790343602, 1.1148738265037537, 3.7596933444341025, 1.1225384026765823, 0.9318446417649587, 0.9537727137406667, 0.9437598387400309, 1.3967488706111908, 0.9263191968202591, 0.9571934640407562, 1.1547238876422246, 0.923244521021843, 0.9090175529321035, 1.5473654667536418, 1.0100485732158024, 0.8868582546710968, 0.8398632854223251, 0.9420041690270106, 0.865293006102244, 0.8641310731569926, 0.8792367577552795, 0.8843145171801249, 0.8750431338946024, 0.8467832008997599], "val_jaccard_coef_int": [0.12149168737232685, 0.152680862074097, 0.16553879777590433, 0.1704761255532503, 0.5094235986471176, 0.44161314765612286, 0.48621221631765366, 0.5701309765378634, 0.5260673115650812, 0.6036914587020874, 0.6027923598885536, 0.5167259623607, 0.3786142406364282, 0.6158674160639445, 0.6089477290709814, 0.5492740993698438, 0.6374455889066061, 0.5807063207030296, 0.6314354588588079, 0.5860009292761484, 0.481714886923631, 0.6104670464992523, 0.21429412811994553, 0.25549390353262424, 0.6467460691928864, 0.33257627859711647, 0.6567729810873667, 0.6243693133195242, 0.2179313978801171, 0.6283058772484461, 0.688748374581337, 0.6846374422311783, 0.6812423666318258, 0.5513328661521276, 0.6831210851669312, 0.6708253274361292, 0.6197164456049601, 0.680916632215182, 0.6853139499823252, 0.5157418052355448, 0.6554863204558691, 0.6959424366553625, 0.7119427373011907, 0.6786826799313227, 0.7045503308375677, 0.7059440165758133, 0.7012397150198618, 0.7021914124488831, 0.7036033968130747, 0.712065781156222]}