{"loss": [6.445995216876005, 3.8081816888488498, 2.768133472552342, 2.3825054242547634, 1.99435200944411, 1.7335451029043283, 1.5823248761945066, 1.5339708650006658, 1.4494129155589417, 1.3991062551473095, 1.3553415658199681, 1.3230960880760598, 1.3318809175913313, 1.280814406091133, 1.267920588497567, 1.2486919491691928, 1.2247765897649578, 1.2261855734133087, 1.2130194406593795, 1.2029357568352623, 1.159063570794806, 1.1518058877075668, 1.154282175334154, 1.135938772058065, 1.1228327508521292, 1.0764747024637409, 1.0767584944193342, 1.0828107896104324, 1.062928364340183, 1.0425724819698166, 1.006539243512449, 0.9822232733785579, 0.9728597064988803, 0.9669464763286895, 0.9487982439783822, 0.9582126103671251, 0.9517369133181277, 0.9330481333015239, 0.9305110911352444, 0.906015011589084, 0.8868915074694473, 0.8746589743985539, 0.868934837062802, 0.8603596033248226, 0.8531597699739236, 0.8491413297906386, 0.8504550235461344, 0.8422241669840518, 0.8329682803786962, 0.8234334498380138, 0.8109817789719168, 0.808397415992433, 0.8041062666251596, 0.8001984252338916, 0.8001503047689927, 0.7919342691919445, 0.7903911350047694, 0.789804020814136, 0.7844844745323721], "jaccard_coef_int": [0.1723508731321951, 0.25878716273381647, 0.33836272688566055, 0.3781849586330684, 0.4499214133330151, 0.4931551951222715, 0.5200528064660267, 0.5285939927649709, 0.5469150870247225, 0.5585956789750969, 0.5693242354730589, 0.5772073121197456, 0.5747262534842027, 0.5876791115883178, 0.5915737178473346, 0.5962914626682754, 0.6026431984078567, 0.6016977252685918, 0.6059533204652566, 0.6085079966393192, 0.6198868909768299, 0.6220711928553286, 0.6211815908946822, 0.6263076103894056, 0.6214989233860927, 0.6332756014524308, 0.6335657228410772, 0.631322279968093, 0.6370142777409173, 0.6426680702551276, 0.6527054262372245, 0.6604408083763798, 0.6624749170995392, 0.6642236219043225, 0.6694267640071633, 0.6665119755584582, 0.6688537602930997, 0.6737335424507613, 0.6748101436986332, 0.6817372678655439, 0.687486546756947, 0.6911502369737204, 0.692770447878711, 0.6953860036039774, 0.6973731544165485, 0.6986336576200165, 0.6982826574713783, 0.7007628927188637, 0.7033951182281022, 0.7063814180087199, 0.7099717670837334, 0.7108700887291832, 0.7123280220327124, 0.7132704563900433, 0.7133673018058845, 0.7159366196235725, 0.7164290436601217, 0.7164236808245161, 0.7180974694479884], "binary_crossentropy": [1.2362238453552785, 1.0759026181381361, 0.8172783424369002, 0.7012988503000378, 0.495360265263414, 0.4418084104504206, 0.4331254692731705, 0.4425573313394479, 0.43528319618343253, 0.42948791120959595, 0.42910312129332956, 0.4296747522544017, 0.44384676455396466, 0.4329764426282022, 0.43748072106226354, 0.43818516936977353, 0.43551335978297007, 0.43861768308993987, 0.44117183943765353, 0.4445410260057027, 0.43048794686266806, 0.43433373243407863, 0.4379013373261004, 0.43539453554997404, 0.4089595972172982, 0.3980966822235985, 0.4020064424360748, 0.4084720014207131, 0.40443730327935346, 0.3992493951742628, 0.38706796807525434, 0.37893359415826544, 0.37644238941437375, 0.3752276794572847, 0.3697552356572278, 0.3754671479748414, 0.3749692053657717, 0.3688487253621616, 0.36880717090273324, 0.3597099889168697, 0.3527671287281323, 0.34909951436308634, 0.34722606442143433, 0.3449853857797859, 0.3421632900702215, 0.3417961403595663, 0.34359958517340433, 0.3405112554277994, 0.33742729330484844, 0.33410350714637116, 0.32931118610158433, 0.3289197538278799, 0.32774663261607684, 0.32654969367833264, 0.32720554376070476, 0.32405551911982816, 0.3246814969894105, 0.3245450107924706, 0.3231526891478395], "val_binary_crossentropy": [7.87401727267674, 1.6709438817841666, 1.0468234441110067, 0.6204654297658375, 0.4705267601779529, 0.5150227418967656, 0.4451901263424328, 0.4429519527724811, 0.4639017879962921, 0.4608570262789726, 0.45745061337947845, 0.532862517450537, 0.4652217977813312, 0.45957718257393154, 0.49861776190144674, 0.501150807099683, 0.4511024462325232, 0.4856124775750296, 0.46295842847653795, 0.4744554172669138, 0.5146519243717194, 0.5084488168358803, 0.817494120981012, 0.4797370189002582, 0.4447300689561026, 0.4327178916760853, 0.44232827318566187, 0.4976868363363402, 0.533090064568179, 0.4273141548037529, 0.4538151738899095, 0.42958715558052063, 0.4317621397120612, 0.43081963594470707, 0.42626519607646124, 0.4306095029626574, 0.4268312550016812, 0.428615611578737, 0.43524263692753656, 0.44915853227887836, 0.44707030270780834, 0.43251073573316845, 0.42986778914928436, 0.450764856168202, 0.43999388068914413, 0.4403034597635269, 0.4378242662974766, 0.4447124589766775, 0.45662115407841547, 0.44077316565173014, 0.4398735080446516, 0.44264561257192064, 0.4477910367505891, 0.4391526366983141, 0.4427482688001224, 0.4360434998358999, 0.4595519868390901, 0.44671389141253065, 0.4535289853811264], "val_loss": [11.308491400309972, 3.7147262351853505, 2.6256902728761946, 2.929856436593192, 1.8736001934323991, 1.7919745104653495, 1.481720547590937, 1.5208070959363664, 1.4709924693618501, 1.4330189121620995, 1.4865936168602534, 1.803482562303543, 1.3409354516438075, 1.3188658101218087, 1.446241272347314, 1.4841614940336771, 1.2474507689476013, 1.3505157487733024, 1.2667242033141, 1.2778740695544653, 1.4952618373291833, 1.3609641747815269, 2.1327762731484006, 1.2186365532023566, 1.1792291828564234, 1.1171066612005234, 1.1359865622861045, 1.3132395616599493, 1.435656773192542, 1.112652701990945, 1.1618089973926544, 1.0947534931557519, 1.0948878547974996, 1.079306193760463, 1.0696095206907816, 1.0830979262079512, 1.0531130794967924, 1.0632786921092443, 1.079764438526971, 1.116065216915948, 1.1047340099300658, 1.047005029661315, 1.0407242072480065, 1.1081499010324478, 1.0653965494462423, 1.055467324597495, 1.0485264573778426, 1.056621525968824, 1.0864475114004952, 1.0395527780056, 1.034309248839106, 1.042826282126563, 1.051290946347373, 1.0305904490607125, 1.0425342683281218, 1.0264506191015244, 1.0925353637763433, 1.0334586394684655, 1.0575580788510186], "val_jaccard_coef_int": [0.12854855454393796, 0.2757812296705587, 0.3728914920772825, 0.27063746590699467, 0.4380194896033832, 0.4633155752505575, 0.5442664005926677, 0.5322892836162022, 0.5509380581123489, 0.5561839437910489, 0.5352843425103596, 0.45129600167274475, 0.5788250075919288, 0.5842923436846051, 0.5489742468510356, 0.5330158940383366, 0.6000009807092803, 0.569013923406601, 0.5945511673177991, 0.5938085094094276, 0.523321450820991, 0.5633687706930297, 0.4051470676703112, 0.6141353558216777, 0.6146258616021701, 0.6313535847834179, 0.6228323121156011, 0.5697264820337296, 0.5357312304633004, 0.6274503927145686, 0.6159248096602303, 0.6344008169003895, 0.6364310053842408, 0.6398320176771709, 0.6396946481295994, 0.6370189317635128, 0.6467636717217309, 0.6439277614865985, 0.6375851173486028, 0.6270671199475016, 0.6298666106803077, 0.6479324315275464, 0.648309371301106, 0.6279772136892591, 0.6430302539042064, 0.6467163882085255, 0.6474981872098786, 0.6458527765103749, 0.6367217877081462, 0.6503963236297879, 0.6528368911572865, 0.6502929351159504, 0.6473385329757418, 0.6539601257869175, 0.6504777308021273, 0.6546680522816521, 0.634006312915257, 0.6533835189683097, 0.6459415235689708]}