{"val_jaccard_coef_int": [0.07042397515704998, 0.20600474721346146, 0.35104275055420703, 0.38070666560759914, 0.4132732343979371, 0.443206413434102, 0.4534286849009685, 0.43023968354249614, 0.4819300938875247, 0.48423574444575185, 0.5096757526581104, 0.5058601009540069, 0.5185769505989857, 0.5423015799277868, 0.5243549430981661, 0.5070464206047547, 0.5000217220722101, 0.530210812886556, 0.5549698418531662, 0.5654080342023801, 0.5586845339872898, 0.5732372754659408, 0.5430488487084707, 0.5506616884317154, 0.5653904722287104, 0.5897170526859088, 0.5722811138018583, 0.5691339908502041, 0.5726721928669856, 0.5823987737680093, 0.5918797117013198, 0.5925804995573484, 0.5895487811320868, 0.5985711201643332, 0.6024037668338189, 0.5912613295591794, 0.5707592429258884, 0.5903340990726764, 0.5844248968821305, 0.5983149806658427, 0.5874793911591555, 0.5816065126504654, 0.5878781622801071, 0.5906462096250974, 0.5986416194683466, 0.606738208196102, 0.5902148339992914, 0.6022856564093859, 0.5829186630554688, 0.5985709069631039, 0.5963399853461828, 0.5977811622313964, 0.5935428876143235, 0.5984510137484624, 0.5946871684147761, 0.602990482862179, 0.5960807479344882, 0.5972159886971499, 0.6019317973882724, 0.5998652753157493, 0.5912559238763956, 0.5995022990764716, 0.5995669395495684, 0.5932601010188078, 0.5956618541326278, 0.5860570875497965, 0.5944002148432609, 0.5944489943675506, 0.5994562728282733, 0.5973434188427069, 0.593785108664097, 0.590778893385178, 0.5992146256642464, 0.5908741049277477, 0.5978520795320853, 0.5952444924758031, 0.5861525474450527, 0.5997087176029499, 0.6006272588020716, 0.5999738818559891, 0.5998600576168451, 0.5908081019536043, 0.5937905624890939, 0.5998565157254537, 0.5968377108757312, 0.5951577700101413, 0.5962185217784002], "val_binary_crossentropy": [9.03120955442771, 0.48812797818428433, 0.4034062425295512, 0.4299753535634432, 0.4604117717498388, 0.41640398173760146, 0.3659758598376543, 0.48127317352172655, 0.44364298994724566, 0.3324786180104965, 0.3359263816323036, 0.36242761176366073, 0.36621927412656635, 0.3937495687069037, 0.349745063827588, 0.34678136882109517, 0.3483286003271739, 0.370244725774496, 0.365428395378284, 0.33388566626952243, 0.3446480180972662, 0.33941899411953413, 0.3643076714032736, 0.32374585171540576, 0.33011500308146846, 0.3392335329300318, 0.33558407655129063, 0.3216883479020534, 0.3343448019944705, 0.363076514349534, 0.3305095898417326, 0.33302795313871825, 0.3328643082044063, 0.3209237525096306, 0.3179278748157697, 0.350034073759348, 0.33697289400375807, 0.3242605343843118, 0.3288445040965692, 0.3194632121385672, 0.32265604440218365, 0.3232223066764, 0.31606094520061445, 0.3257067845417903, 0.31761892502888656, 0.329953969289095, 0.32624205488425034, 0.32220918551469463, 0.321337443513748, 0.3246352481536376, 0.32433034364993757, 0.3256535610327354, 0.3250581438724811, 0.32945621663179153, 0.3284150507205572, 0.32110279683883375, 0.32821281464436114, 0.32346481543320876, 0.3217673828968635, 0.31619029148266864, 0.3257608929505715, 0.3195006572283231, 0.32612071740321624, 0.33117514638564527, 0.3230591641786771, 0.3320810412749266, 0.3332529897109056, 0.326049342751503, 0.32689340259784305, 0.3261491663945027, 0.32771661228094345, 0.32807066234258503, 0.319963306761705, 0.3372733573883008, 0.32991118022264576, 0.33029245948180175, 0.33168526757986116, 0.32623520684547913, 0.32321393222380906, 0.32362427027561724, 0.3210250108669966, 0.3316586327094298, 0.3256878463121561, 0.3218249239218541, 0.32851007255988246, 0.33061362841190434, 0.3258725377993706], "binary_crossentropy": [1.5435421919520897, 0.6797551848465884, 0.5135405052311813, 0.46476908660010446, 0.4504893512665471, 0.4488485053747515, 0.4197467129819001, 0.4069986518802522, 0.40399286273536805, 0.37786373958180225, 0.36779763757050793, 0.3659901435993895, 0.3610189550945276, 0.3579894037374967, 0.3565502774583388, 0.35127714460220516, 0.3558083667502373, 0.3552768909478489, 0.3497742278666436, 0.3360850720937493, 0.32864958802356, 0.3230972119335887, 0.3181778149137014, 0.3206968902598453, 0.31414825686171083, 0.31281092187649084, 0.31146903420928157, 0.30470324736795845, 0.3056841590736486, 0.2974450613690328, 0.2889525318824792, 0.28345405998863754, 0.2822967541840258, 0.28164340659410136, 0.27648507624487334, 0.27324341100793853, 0.27182306759530983, 0.27195162132759637, 0.2646317432952833, 0.2627347998226745, 0.2577586686592313, 0.254485796476844, 0.25561545209228237, 0.2485652258501777, 0.2523384661991385, 0.24932685532147372, 0.24807514504918568, 0.24314062127584143, 0.24585223028176947, 0.23973716229577607, 0.24138006115261512, 0.2361409745261639, 0.23578662288528454, 0.23415168035256712, 0.2343892707383331, 0.2323060933547684, 0.23232762968238396, 0.2303004537626535, 0.22876666274063195, 0.22854307510807545, 0.22790816369690473, 0.2259591846149179, 0.22556268768031387, 0.22615619814848598, 0.22474279947861842, 0.22623338229671308, 0.22648281986011734, 0.22439332169633877, 0.22290851647340798, 0.2205958559260338, 0.2211748785516129, 0.2192421170729625, 0.2211396461470595, 0.22031922720938543, 0.2194365196495871, 0.21706068768059905, 0.2185805919992773, 0.21975503402137303, 0.21906753454970407, 0.21756292568354668, 0.21503683648814884, 0.21532365533558628, 0.21683205734891228, 0.21811742781178106, 0.21756659386844573, 0.2183550694556553, 0.216952814614471], "jaccard_coef_int": [0.09627678969144067, 0.2696028788915918, 0.35714357893300963, 0.39843231779110583, 0.41958335796488994, 0.42875213543825513, 0.45631943416746357, 0.4739501319731338, 0.47690336481679846, 0.5132519123674948, 0.5183848993310446, 0.5307226858184307, 0.5335745926522002, 0.5405998322405393, 0.5480079918722564, 0.5542380240144609, 0.5538321831558324, 0.5538996295838416, 0.5652843083761916, 0.5816275994234448, 0.58661352663855, 0.6007502899516987, 0.6053919430020489, 0.6016203402718411, 0.6101222562639019, 0.6122521703379064, 0.6210049430403528, 0.6248727974635137, 0.6247361204292201, 0.6375259658958339, 0.6458656757692748, 0.6475831628600254, 0.6501746360636964, 0.6519575824465933, 0.6597035317858563, 0.6632714671424672, 0.6616019059585619, 0.6616318910559521, 0.6706145394452011, 0.6766636535713945, 0.6835938892032527, 0.6847362305167355, 0.6818278963807263, 0.6908510710242428, 0.6883928328752518, 0.6909287828433363, 0.6934435812732841, 0.6957279224938984, 0.6922214668762835, 0.697290329616281, 0.6990810615729682, 0.7029269867682759, 0.7043256156052216, 0.705067472367347, 0.7072800514818747, 0.7086918491728699, 0.7106452680464033, 0.7130977722662913, 0.7110546838633621, 0.7127033053319666, 0.7130379597597485, 0.714504273820527, 0.7141092106511321, 0.7135835772828211, 0.7174223831182793, 0.716278419275827, 0.7157960515233535, 0.7191706578942794, 0.7176146482742285, 0.7232340906239763, 0.7219952446750447, 0.7223960274382483, 0.7200476282005068, 0.7228591909891442, 0.7225171078609515, 0.7251358035999008, 0.7263757213007046, 0.7216500394706484, 0.7253395375571673, 0.7242358604186698, 0.7280184015443053, 0.728279975773413, 0.7284527873691125, 0.7262993986848034, 0.7275353692754915, 0.7233301833083358, 0.7258556756792189],