{"loss": [6.032613305602899, 2.756482449261951, 2.059634310786734, 1.877669985787275, 1.8636811569270202, 1.751326960601887, 1.72732346394897, 1.6406456330154515, 1.6611259121935076, 1.561943317767437, 1.527404630988962, 1.4792449235413145, 1.4205398720528004, 1.4101307882538325, 1.4069901702273244, 1.370096466712308, 1.3664687097324097, 1.3335284170722157, 1.3516459530415916, 1.257327753531782, 1.235267035065824, 1.2163274798715165, 1.2020307800689327, 1.1854483861208969, 1.1842273063800506, 1.1764020452016517, 1.152660724608707, 1.161467491322932, 1.1491587068964157, 1.1205030669642904, 1.1101507461523707, 1.0911358676630736, 1.096476631702753, 1.0791079052389925, 1.08783242433383, 1.075210664091231, 1.061815224493606, 1.0384691664438208, 1.0565359523276237, 1.0030764697221763, 0.9796481998912393, 0.9696931930785441, 0.9678313630291179, 0.9563420084206867, 0.9500167801158841, 0.9385318504607124, 0.9323019465816675, 0.9397622019932743, 0.9262581038827131, 0.9080096635385908, 0.9101573662667335, 0.8920706194915852, 0.8908544990080821, 0.8841488711567368, 0.8731855740024068, 0.8730288625769475, 0.8608624845868927], "val_loss": [16.486396385451496, 2.62663679001695, 1.9407063257896293, 1.965069298016823, 1.7786346684067935, 2.169981188693289, 1.8642175844160176, 1.7657596660872636, 1.8216941578913544, 1.5613231335656117, 1.7841209698531588, 1.5859659859689617, 1.438292986255581, 1.7422249610141172, 1.7124018608513525, 1.5803674338227611, 1.342345006385092, 1.6465558813790144, 1.5509805224709592, 1.5154325931759205, 1.4354665309695873, 1.2668137459431665, 1.2568999084375672, 1.362560352026406, 1.2970353162894814, 1.265670774346691, 1.3002130874132707, 1.2125901387909712, 1.3508721347582542, 1.2094812726570388, 1.319568260241363, 1.2824570910405304, 1.1644444829326566, 1.309450710223893, 1.2271989624379045, 1.239455348354275, 1.185011415158288, 1.2883400977668116, 1.192361831665039, 1.1183227654230796, 1.1598646155858443, 1.228704170655396, 1.148729337474047, 1.230680366693917, 1.1981558830051098, 1.1592065782870276, 1.1839736689955502, 1.2349831451803952, 1.155707360324213, 1.1763852339679912, 1.1852506065772752, 1.1743235598176212, 1.1923121769549483, 1.1644403459662098, 1.1515727184586606, 1.166955511448747, 1.1719611105272325], "jaccard_coef_int": [0.05277473463790833, 0.24982197073441517, 0.3322363727832142, 0.3659417406667637, 0.3590805709110534, 0.379994566147589, 0.38772652587432904, 0.40629435173444106, 0.4004112769719921, 0.4261745004777164, 0.43081679921361465, 0.4449599620096291, 0.4569744953123326, 0.4674009500299325, 0.46903556145193204, 0.47098088497099494, 0.475216832279153, 0.48365000855444856, 0.4846409265470656, 0.5075940988360578, 0.5095238447000708, 0.5168649665854148, 0.522125557693751, 0.5311455873748924, 0.5265318314360163, 0.5330033392217088, 0.5358251313745724, 0.5398521842081335, 0.5421704889475545, 0.5530137158773116, 0.5565832850802297, 0.5583814704468482, 0.5601257235440524, 0.5674191378842929, 0.5626976342895363, 0.56811309753591, 0.5697632863300259, 0.5764796844514614, 0.5744714667776969, 0.5887018881015134, 0.6010046968480203, 0.606298048033493, 0.6065224651797412, 0.6113622575872558, 0.6129375721960632, 0.6182953325504995, 0.6205023590019484, 0.6166527088935868, 0.6256185733567813, 0.6321436911192624, 0.62971159903812, 0.6386219411459653, 0.6409412926762416, 0.6401303351428438, 0.6448935676476121, 0.6464561254163331, 0.6503431289004877], "binary_crossentropy": [1.3842285509350933, 0.5591021119793759, 0.41409155103979234, 0.39088298078579237, 0.40408325893214986, 0.3867650963523217, 0.3793160181005293, 0.3726406664536472, 0.37774244648746297, 0.36554906869362175, 0.3635253724543857, 0.35620124682092463, 0.34178293034245694, 0.34415072032922434, 0.3476910396215785, 0.33971270378128887, 0.34049891312665576, 0.33465647659724274, 0.34280652027844377, 0.32063310907737114, 0.3202186931977795, 0.306956894821507, 0.3084101666881062, 0.29836305356604137, 0.29987892527369003, 0.29946704743280694, 0.2958961115356236, 0.2958113438909567, 0.2974702115426084, 0.2886095186263197, 0.286785359026762, 0.2842169807367184, 0.28450485979077184, 0.2853310402907148, 0.2853822967171166, 0.28167861426555657, 0.277953153924097, 0.27503980369256015, 0.2815422618502303, 0.2659891689439866, 0.25836097386190154, 0.25548928281300176, 0.25548343979733906, 0.2530240494176305, 0.25067074769785636, 0.24785170182271346, 0.24683146290323904, 0.24835116164719506, 0.24483834985124914, 0.23788438564488656, 0.23927077828643192, 0.23468945378178283, 0.2323685769416109, 0.2330069424199404, 0.22856204054526638, 0.2290134592775554, 0.22452091257469062], "val_jaccard_coef_int": [0.039024514793339425, 0.2668954439587512, 0.3747393589908794, 0.3657525136309155, 0.3950371012344199, 0.32095600626731324, 0.3772102437787137, 0.37737542011980285, 0.396344071348845, 0.4521365468784914, 0.3917676394773742, 0.44779478834342146, 0.4551346925860744, 0.4199187568688797, 0.424967259673749, 0.45969065872289366, 0.502563149999764, 0.4362933292227276, 0.45550682888192645, 0.4762895142627975, 0.49460755945262264, 0.5223340245626741, 0.5209620562145265, 0.4978404931597791, 0.511704067304983, 0.524942616790028, 0.5141323663420596, 0.5435239288766506, 0.5131500494682183, 0.5468155590154357, 0.5122495091567605, 0.5262791888188507, 0.5474715404591318, 0.5130321588051521, 0.5412115484981214, 0.5319057935375279, 0.5439500157105721, 0.5213441187042301, 0.5474466673903546, 0.5665945380421008, 0.5568374819674734, 0.5342746758359974, 0.5575423220456657, 0.5286996397426573, 0.5484493150044296, 0.5446618588294013, 0.5564431876449262, 0.5302064239473666, 0.562119088183015, 0.5507093233577276, 0.5494507440065933, 0.5607831846859496, 0.5521845153327716, 0.5487555629115993, 0.5595419927168701, 0.5581784839347258, 0.5387109033132004], "val_binary_crossentropy": [11.039158788778014, 0.44987927490876894, 0.4242196927888919, 0.4409985009391429, 0.31728579659583206, 0.3148008784500219, 0.3378113668601392, 0.5443792330511545, 0.30066756121182847, 0.29626580472972436, 0.30258480749898037, 0.32149489381808344, 0.3553609010779252, 0.2888775411046157, 0.30376261447445824, 0.3436000765127651, 0.2820608464338012, 0.5014604760681168, 0.37971313108327026, 0.28044367253275243, 0.2871925988692348, 0.29463483090117826, 0.3041156152799978, 0.29016238671995825, 0.30688612668190973, 0.2985708927577835, 0.29327732362484527, 0.29267129920801876, 0.2922688912663419, 0.27891316738421634, 0.3320576535316847, 0.298564857661219, 0.3059666968755803, 0.29632327453059665, 0.31592418354446605, 0.3178760630346961, 0.29276512146501216, 0.3185605620176105, 0.30192475134538393, 0.2864035318084693, 0.2924933927291531, 0.29391477553773737, 0.30898211050336644, 0.3284045584752398, 0.2982045097623841, 0.307443156585855, 0.2896006243713832, 0.33452349067744563, 0.2903127830033585, 0.2934600569434085, 0.3075271243134798, 0.2961638877957554, 0.30096257528511144, 0.30575691959110357, 0.29469678967686025, 0.2953127035397594, 0.3137607278333882]}