{"loss": [7.847508498600551, 5.931601751418341, 4.9852324440365745, 4.430089973268055, 3.898400897071475, 3.382766212735857, 3.0243403570992604, 2.815162318093436, 2.633626631328038, 2.5220853374117898, 2.4531986599876765, 2.3736415931156705, 2.306605327697027, 2.2566281840914773, 2.2232246739523753, 2.182610517456418, 2.1528141839163646, 2.1154974642254056, 2.10053056762332, 2.0836422727221535, 2.0437402838752385, 2.0395275240852717, 2.0057286534990584, 1.9894167468661355, 1.9795806180863154, 1.9628979478563582, 1.943191199075608, 1.9254889544986544, 1.9218593154634749], "jaccard_coef_int": [0.09131419907013576, 0.15644241585617974, 0.2051763300384794, 0.23642999359539577, 0.2763740803514208, 0.32395825783411664, 0.35858667748314993, 0.38018175817671274, 0.4003368261314574, 0.4126297164530981, 0.41985261298361276, 0.43185086193538846, 0.44078185302870615, 0.44787287286349703, 0.45119990479378475, 0.45874406894048053, 0.46277797647884916, 0.4694199065367381, 0.47216705623127164, 0.47399090159507024, 0.48370295479184106, 0.4816492370196751, 0.4888513074034736, 0.4931803927535102, 0.4936719352290744, 0.49729786600385395, 0.5014504818689256, 0.505872734955379, 0.5062117306959062], "binary_crossentropy": [1.602618396282196, 1.6494208858126687, 1.5230437290100824, 1.4460378942035494, 1.2699563446499051, 1.087141459896451, 0.9567352192742484, 0.900262142930712, 0.857544257527306, 0.829927941163381, 0.8210799268313816, 0.814878645397368, 0.8020434890474591, 0.7959603440193903, 0.7898925542831421, 0.7840597317332313, 0.780818590096065, 0.7755405619030907, 0.7797799905141195, 0.7793814965656826, 0.776587358542851, 0.774326795623416, 0.768536525113242, 0.7718664947010222, 0.770159573782058, 0.7687276289576576, 0.7693017664409819, 0.7682252441133771, 0.7699260796819415], "val_binary_crossentropy": [1.0145500302314758, 1.2751789331436156, 1.5621230363845826, 2.14464385509491, 1.1399847149848938, 0.8167796015739441, 0.8074027061462402, 0.829951798915863, 0.7478169679641724, 0.8162049770355224, 0.8289955735206604, 0.8496402025222778, 0.8683149933815002, 0.9241546511650085, 1.1454939007759095, 1.1113794207572938, 1.3205426692962647, 0.8419748902320862, 1.0384689211845397, 0.8863409996032715, 0.7855344414710999, 0.8089525938034058, 0.8092335820198059, 0.8062966108322144, 0.7640363574028015, 0.8133526682853699, 0.8149161338806152, 0.7842128038406372, 0.8429313659667969], "val_loss": [7.197261142730713, 4.504232883453369, 4.383437538146973, 4.998906230926513, 3.840651845932007, 3.719353199005127, 3.329143762588501, 3.156049919128418, 2.84477858543396, 2.5972157955169677, 2.5022671699523924, 2.59067063331604, 2.5857332706451417, 2.4745898246765137, 2.8929344177246095, 2.832825803756714, 3.1471465110778807, 2.3545810699462892, 2.5800168991088865, 2.3328622817993163, 2.254611921310425, 2.125453495979309, 2.2197649002075197, 2.1993102550506594, 2.21915283203125, 2.327971029281616, 2.1726634979248045, 2.1134570837020874, 2.0873653650283814], "val_jaccard_coef_int": [0.12753993272781372, 0.16336013078689576, 0.2125287801027298, 0.21673716306686402, 0.20443024337291718, 0.16679435670375825, 0.22143936157226562, 0.2493286043405533, 0.2888688683509827, 0.353308767080307, 0.3733201205730438, 0.355012321472168, 0.36260801553726196, 0.39707902669906614, 0.360659259557724, 0.3688673198223114, 0.34036573171615603, 0.4043972074985504, 0.40617183446884153, 0.42250452041625974, 0.41786510944366456, 0.4527510225772858, 0.4336077332496643, 0.43493589758872986, 0.4191272437572479, 0.4001416742801666, 0.43989179134368894, 0.4486863374710083, 0.47001786828041076]}