{"loss": [5.734181266293747, 2.5907345668173036, 2.074131296153813, 1.8832713491303006, 1.7699295025837571, 1.7047292348704761, 1.6515971331656734, 1.6478273921375033, 1.5896915388509694, 1.5685673718211017, 1.5504603290356664, 1.5002820315743297, 1.4405269776215532, 1.4134400818921342, 1.4025572815021885, 1.3536987986242721, 1.3251579610104298, 1.2871547872004128], "jaccard_coef_int": [0.07994005352333346, 0.2642856745780269, 0.3325322496740124, 0.36330342201618204, 0.381328166537144, 0.39339405467993094, 0.4020537884929512, 0.40225768906657705, 0.4140797497602455, 0.4199142054917943, 0.42289778565052694, 0.4350427935520808, 0.44405526145978313, 0.4499976213094051, 0.4587923146249876, 0.47121294641293554, 0.48099317505389827, 0.4889343868202298], "binary_crossentropy": [1.2606239608068506, 0.46009504964834524, 0.37271856274534376, 0.3470526873939651, 0.3438929465878362, 0.33318197205348354, 0.33081943337424397, 0.3261011740515001, 0.3165534396777676, 0.3164398022278955, 0.3042006846595917, 0.2956159349043661, 0.2880867641372017, 0.2888225738572169, 0.2868111912271141, 0.27802166050370736, 0.2770984590619425, 0.26820641136747875], "val_binary_crossentropy": [7.222103458339885, 0.8418320932630765, 0.5382289459644738, 0.3029783173637875, 0.39270649724087475, 0.4160218271663633, 0.38858973121238966, 0.29229098558425903, 0.29315521340754075, 0.2909591932923107, 0.3320976957931357, 0.2551690098845353, 0.26636021963115464, 0.28376380796149625, 0.24778434154340775, 0.26751497690960513, 0.32044535471221147, 0.2849413196919328], "val_loss": [10.900688672469833, 2.6535252696376737, 2.5757091126199496, 2.0741230350429727, 2.009510468628447, 1.76402459306232, 1.7406076879824621, 1.6291916703773757, 1.6795913789231898, 1.8336990526167012, 1.7798960410942466, 1.4553625906928112, 1.4947836146516316, 1.9977137032201735, 1.5103432970531916, 1.3734441096499814, 1.3788749040183375, 1.5748860896643946], "val_jaccard_coef_int": [0.045505211672793, 0.29258126323505984, 0.2786631835466724, 0.3565187995969239, 0.33160435724056375, 0.3906846854646327, 0.40933138132095337, 0.4294227760727123, 0.41695876621593864, 0.3976480185480441, 0.3851688847703449, 0.4703608582080421, 0.46232551816156353, 0.36543825950662967, 0.458950297559722, 0.4840045182381646, 0.4880986976421485, 0.44515664774482533]}