{"val_loss": [13.729915178739107, 3.77937021622291, 2.205600845508086, 2.190474632458809, 1.8592630930435963, 2.9600489750886574, 1.601849574309129, 1.5625343995216565, 1.5450634345030174, 1.3657502684837732, 1.5929609002211156, 1.2696001285161727, 1.3955006523010058, 1.2395918308160243, 1.2254983874467702, 1.2664682146830437, 1.1453339075430846, 1.1852897099959545, 1.1425243631387367, 1.0895557021483397, 1.1959672264563732, 1.0241480867067974, 1.1644210662597265, 1.0740080903737972, 1.0542231095142853, 1.0937184630296168, 1.0235796203980079, 1.1645526931836054, 1.006215635018471, 1.00244317146448, 0.9727342495551476, 0.9726700339561853, 0.9534473266357031, 0.9978646574876248, 0.9494974735455636, 1.0006839205057194, 0.9981116652488708, 0.9807774944183154, 1.0012740187155895, 0.9589302646808135, 0.9651117049730741, 0.9935237260965201, 0.9499421089123457, 0.949451425136664, 0.9510859617820153, 0.9980448178755932, 0.9373475649417975, 0.9776846659489167, 0.9484409613487048, 0.9705161536351229], "loss": [5.939832242229317, 2.538711377337009, 1.9818407138691674, 1.721335586867755, 1.5813046407095994, 1.5148196359978447, 1.4511996605728246, 1.4015021433558645, 1.3363850629782374, 1.243433969684794, 1.1994028778015813, 1.173887807734405, 1.1526977706559096, 1.107138059184521, 1.0965210648277137, 1.0730459637279752, 1.0555267141589635, 1.0273686587056028, 1.0211167126139509, 0.9682651116878171, 0.9386431978473181, 0.9280916897556449, 0.9301386845262745, 0.9150612380685685, 0.9020479909981354, 0.8895987807949887, 0.8870079036377654, 0.8769440409503405, 0.851620277837862, 0.8295707872396783, 0.8194198321692551, 0.8095908325306976, 0.8072962994816937, 0.7977948848959766, 0.7977926470810854, 0.7811757775047158, 0.7834457907872864, 0.7781731420302693, 0.7650062475777879, 0.7430289614049694, 0.7317906127700323, 0.7354776987546607, 0.7286470028795774, 0.7287064326714866, 0.7264352870892875, 0.720559417824202, 0.710724731412115, 0.7064519215233719, 0.7091301915389073, 0.6918465146158315], "jaccard_coef_int": [0.09249756479771407, 0.28398669605390936, 0.3367862887208975, 0.3830576926658425, 0.40830778783258004, 0.42157125680506985, 0.4336932978675335, 0.4465743774854684, 0.46084317810173275, 0.48842420702493644, 0.5037736043899874, 0.5110013411392139, 0.5154709895200367, 0.5361736496038074, 0.5349439569289172, 0.540999012845981, 0.5509823479607135, 0.5575472250392165, 0.5605158239980287, 0.5823436287007754, 0.5907354422762424, 0.5950300329470937, 0.5954718574692931, 0.5979574679196635, 0.605794785897943, 0.6120272818245466, 0.6115398103300529, 0.6136742290816729, 0.6255452217935007, 0.6341725552006613, 0.6368866674130476, 0.6432698948096626, 0.6426365792374068, 0.6458268261785749, 0.644788919559008, 0.6518703572735002, 0.6523311053273044, 0.6544073805024352, 0.6604318235871158, 0.6682060755129102, 0.675930032624474, 0.6736192923935154, 0.6736836599398263, 0.6765489035014864, 0.6782466467422775, 0.6785990018633348, 0.6832753480235233, 0.6852000748054891, 0.6834266378155237, 0.692189064018334], "val_binary_crossentropy": [10.382715286352695, 1.7601968523783562, 0.7197669935532105, 0.8095170099001664, 0.2644683860051326, 0.32482374478609133, 0.33020369326457, 0.3114701578250298, 0.3066564303560135, 0.29587003130179185, 0.28258226811885834, 0.26379428460047794, 0.2730399284225244, 0.2516583523307091, 0.29797363930787796, 0.27371733692976147, 0.274302781965488, 0.2701838329816476, 0.25794369001419115, 0.24383422675041053, 0.2901909003655116, 0.25663472731144, 0.2641872488535367, 0.29116787837866026, 0.2553308483881828, 0.3136466647952031, 0.2682236157930814, 0.30315546500377166, 0.26172236792552167, 0.25825919592991853, 0.2418924126869593, 0.2576989621306077, 0.2560056295150366, 0.2596283939022284, 0.24729316643415353, 0.24572002925933936, 0.271462113238298, 0.24535297602415085, 0.23554150416300848, 0.2519855810663639, 0.24418159211293244, 0.23904038602725053, 0.2431937459951792, 0.24816915163627037, 0.25106655309597653, 0.24191308785707522, 0.23936434453114486, 0.24482140174278846, 0.25065174584205335, 0.23583593085790291], "binary_crossentropy": [1.4802732407292234, 0.5965466196589833, 0.43104493797202653, 0.3911090969473501, 0.3548290229673627, 0.3480833120927026, 0.3353949626789817, 0.33646424567397637, 0.3202485515252699, 0.3062924480513681, 0.299684932620465, 0.29274379056465777, 0.2894110590502431, 0.2842763091755819, 0.2827263554628891, 0.28022371010878416, 0.2764928105605554, 0.2659349982402747, 0.27140409268344506, 0.255989386452527, 0.24767136715258223, 0.24665791546053525, 0.2473052911743333, 0.24183200049815298, 0.2415124653260919, 0.24208393645814702, 0.24250454780987546, 0.2366945282850839, 0.2306200369626661, 0.22565807206438313, 0.22199574740061276, 0.21685120428004598, 0.2169402054263444, 0.2182337236178072, 0.21789088269954995, 0.209915638818771, 0.2130358170104932, 0.21152184700852708, 0.20714579135934008, 0.2029194540190923, 0.20034259069663815, 0.20048846698165695, 0.19731080244424976, 0.19936276229593572, 0.19964847275162045, 0.19570810215759882, 0.19352180951663964, 0.19198862800398206, 0.19479556094053424, 0.18895196424254887], "val_jaccard_coef_int": [0.04831770640344192, 0.22748489410449296, 0.3326254643690892, 0.31734638145336735, 0.36784671323421675, 0.23310945813472456, 0.41621757852725494, 0.4236164872462933, 0.4182040110612527, 0.475950178427574, 0.4205434933686868, 0.49811904552655345, 0.47295604455165374, 0.5165205169946719, 0.5094633484498049, 0.4943021963804196, 0.5334662053829584, 0.5289916357932947, 0.5402168394663395, 0.5483903051950992, 0.5229549820606525, 0.582410834538631, 0.529933519088305, 0.5610446417943026, 0.5720057510412656, 0.5543555181760055, 0.577000658481549, 0.5324736718948071, 0.5829156606625288, 0.580627624805157, 0.5983980565499036, 0.5955903239739246, 0.5991857074774228, 0.579622426094153, 0.608441982513819, 0.5947277209697626, 0.5744268198808035, 0.5945287568446918, 0.5978878033466828, 0.6020190127384968, 0.6018761151876205, 0.592023906035301, 0.6049392582514347, 0.603385485135592, 0.6006071368853251, 0.5883627113623496, 0.6114281056783138, 0.5958262017140021, 0.601096530755361, 0.598256807296704]}