{"val_jaccard_coef_int": [0.4809509870372241, 0.5222015677939488, 0.5370025251862369, 0.5046526419965527, 0.5735770841188068, 0.4360425632470582, 0.5660498642091509, 0.21557633235720516, 0.584064367262623, 0.6081426154963577, 0.27913030206308337, 0.4696632176166094, 0.569276681004823, 0.6346508529555949, 0.6309333998191206, 0.11480345542224336, 0.3058733577262374, 0.41431362653457665, 0.6244075873607322, 0.6319861324338973, 0.31859307384259905, 0.6523608686048773, 0.47533875439740436, 0.5145534437762785, 0.3968003355791863, 0.6438255962691729, 0.6202359454164023, 0.6351823742631115, 0.6608079873685595, 0.5840882941891875, 0.5889659447571899, 0.3222941383719444, 0.6409738799439201, 0.6589546614809881, 0.6534069893480856, 0.6440571359818494, 0.5497966614799409, 0.6514287241086175, 0.6329338062035886, 0.658642119810551, 0.6444476297761821, 0.6055613990071453, 0.6268716594086418, 0.6268048458084275, 0.5585037405260757, 0.6419674733394309, 0.5783526502030937, 0.6450457852098006, 0.618077012085462, 0.6456817235750488, 0.6527859881708894, 0.6155263900379592, 0.650480446276031, 0.6530655136779894, 0.6365765625540214, 0.6546908318996429, 0.6573096721232692, 0.6447406409284736, 0.6471421952489056, 0.6551957315281977, 0.6465867561630055, 0.6514156602228744, 0.643147094906131, 0.6481136171312272, 0.6423874186186851, 0.6418704311304455], "val_loss": [4.118056998222689, 2.9041618267192115, 2.587782653072212, 2.5525417954106873, 2.3868869890140583, 4.633889092674738, 2.2412549400631385, 10.148962742165674, 2.6406526648545565, 2.2097311265106443, 7.565557146374183, 3.426601736605922, 2.9506885873366007, 1.9639289990256104, 2.131196402296235, 13.099380521080162, 4.605220198631287, 3.5836369930943355, 2.355054804795905, 2.0660387171974666, 6.408884686005266, 1.8846338247951073, 3.027076122127002, 2.4795523576344114, 4.517260903987704, 1.0475408253790457, 1.035137282519401, 1.0068132700988008, 0.9011203259041037, 1.2731250403802605, 1.3730895617340184, 5.5483504888377615, 0.9604924875724165, 0.9088303776858728, 0.9189108087669445, 0.9539851979647256, 1.8145345211783541, 0.9365061983654771, 1.0031316482190844, 0.9208352570480938, 0.947641144872089, 1.2380539410382132, 1.068881796272118, 1.0524514533485039, 1.8469140014693708, 0.9740047295448147, 1.6835519191396386, 0.9598294449380681, 1.134922503859182, 0.950845511465133, 0.928110583956483, 1.2222243463502656, 0.9344332848640182, 0.9291338310400142, 0.993251258719571, 0.9322119582491585, 0.9226475416010693, 0.9556859630289711, 0.9481897324889521, 0.9235382427143145, 0.9675193313933625, 0.9432052269200736, 0.9790765837400774, 0.9437847830638101, 0.966508950613722, 0.9612299410414092], "val_binary_crossentropy": [0.45055662409131286, 0.5700406195902372, 0.6006239449628924, 0.6548749725275402, 0.507426383987635, 0.8416570043780759, 0.5716236751950994, 7.2624385255990145, 0.5115059849252052, 0.49186514699949496, 5.091468028158327, 1.4472011354150651, 0.5963923885852476, 0.4663381264839746, 0.4697063155943834, 10.172492658978776, 2.553605337214621, 1.6115031494652923, 0.4757781459042166, 0.46465804543393324, 4.23425420812225, 0.4259639915456123, 1.3223162644271609, 0.9333306698576559, 3.1501575285403787, 0.4837187279157246, 0.5261304100763194, 0.5236088199941795, 0.46295954885927937, 0.6750905660888816, 0.7713171341751195, 4.112906167778788, 0.49040772034963476, 0.4672579809646063, 0.47279228517620625, 0.48718239032203636, 1.1023505195692371, 0.4801879941096789, 0.5139647589972879, 0.48048766355820094, 0.4880157210687293, 0.6943247625722161, 0.5694811179338, 0.5504273816094368, 1.1528482995455778, 0.5055534819824786, 1.0423870583689665, 0.49559556431125235, 0.6106862079682229, 0.4866080556442089, 0.4798492006721753, 0.6897141502439221, 0.4812969129438264, 0.47844645185278184, 0.5141914683523812, 0.48378705200326594, 0.4828672789131539, 0.4936012308101488, 0.48374904887868636, 0.4780325970223433, 0.5040440294137106, 0.49237567464573473, 0.5057143701499776, 0.48311362443845485, 0.49800665077718, 0.49471545417474794], "loss": [4.30093686056288, 2.4608606034064593, 2.1948987588852265, 2.02887475650899, 1.9377571810272676, 1.8825365944376475, 1.8012380276488353, 1.7617928574356851, 1.731271895992605, 1.6348448851251904, 1.6018975928803034, 1.5828343931632707, 1.569457842673682, 1.5437822044838834, 1.54921499432265, 1.5233104362895218, 1.503773443495171, 1.497231066604204, 1.4929228716447382, 1.438767600285856, 1.4161293704675724, 1.3962911264617233, 1.392424063309084, 1.380747788974756, 1.175136697631848, 0.840319982199352, 0.7195347867128027, 0.6915512102762167, 0.6879546988425376, 0.6566071414589127, 0.6446227150426919, 0.6405287379681875, 0.645926580074703, 0.6300643572017928, 0.6292387071372116, 0.6270021651458891, 0.621179455460957, 0.6241630846929229, 0.6226351641566504, 0.607417923280427, 0.6029506928016302, 0.602099370240835, 0.5939311627946983, 0.6053180984174243, 0.6007950996060537, 0.596155432919394, 0.5909396386174839, 0.5900000893935278, 0.5824448745403015, 0.5829641097814694, 0.576784915225934, 0.574151461442956, 0.5737830960026742, 0.5764570193412372, 0.562723489590225, 0.5687593014887239, 0.5691470097561803, 0.5640459090435901, 0.5700912474937548, 0.5577208774954175, 0.5599070732493566, 0.558469251676498, 0.5545649494256683, 0.5547379467023325, 0.5553759508058901, 0.5573705070699223], "binary_crossentropy": [0.9727711241833771, 0.5816808201231157, 0.5413209644228786, 0.5200966229733033, 0.5052957863582275, 0.4903851418838471, 0.4748744822513972, 0.46743442452383005, 0.46255413212082525, 0.4268590087849128, 0.4216749358132387, 0.4138821854427032, 0.41225939175656323, 0.399235584387037, 0.40392586063369634, 0.39475216667898755, 0.3838316427803115, 0.38299338929237253, 0.3812630775685222, 0.3604800868764685, 0.3540532354227138, 0.34696843270271355, 0.3444769405730399, 0.34051854263613873, 0.33643386580780904, 0.3445202292037444, 0.3470741628574891, 0.34808559343513523, 0.3480095216692013, 0.3334158211769654, 0.3288201951404114, 0.32520627499782023, 0.32833333504739914, 0.3219228995038503, 0.32151784962691554, 0.3204398026566104, 0.3171852495244268, 0.31944723453525975, 0.3176043418949305, 0.3108499765416749, 0.3080220316386416, 0.30805352785848555, 0.30480423966964965, 0.3108391765124884, 0.30759634944474723, 0.30670193421854813, 0.30381634904519667, 0.30288108798698815, 0.29933080195502343, 0.3000257764324027, 0.2960122933882418, 0.29497920493654245, 0.2947363615171583, 0.29539984665351293, 0.2884701434110256, 0.2921285480275585, 0.29280051708964133, 0.2908721425853481, 0.292858080279754, 0.2865572957339685, 0.28660020396508323, 0.2858672922910368, 0.2852699574307079, 0.28528947121157205, 0.2859687802125405, 0.2856105691016522],