{"loss": [8.016143798828125, 6.0514497984023325, 5.27604171207973, 4.707544508434477, 4.186754487809681, 3.7205037616548085, 3.3566159861428395, 3.065322296960013, 2.840752283732096, 2.683427822022211, 2.508898383095151, 2.380819456917899, 2.2513849508194697, 2.191749958764939, 2.1255202350162326, 2.064557041440691, 2.0009472029549733, 1.9757925328754244, 1.9082356521061488, 1.8388724554152716, 1.7890615179425193, 1.770161129179455, 1.7343703905741374, 1.678573455129351, 1.5765970718292963, 1.5523874986739385, 1.5162316333679926, 1.4782062939235143, 1.4815591006051927, 1.4435928208487374, 1.386285906746274, 1.364185202689398, 1.3285729090372722, 1.291870122864133, 1.2643765551703317, 1.2677897669020153, 1.2521707046599615, 1.2124471352213906, 1.1944481872376942, 1.141236078171503, 1.1149867545990717, 1.0941027601559956, 1.0778167247772217, 1.0672580003738403, 1.0548408939724876, 1.05019226812181, 1.031190315882365, 1.0208476100649153, 1.0142487770035153, 0.9927277650151934, 0.9989796678225199, 0.9714190363883972, 0.9748460026014418, 0.961928733757564, 0.9564183553059896, 0.9526054603712899, 0.9456734089624315, 0.9556223863647098, 0.9372688673791432, 0.9400020866166978, 0.9334352640878587, 0.9302533950124469, 0.9230113739059085, 0.9252043451581683, 0.9177665455000741, 0.918246362890516, 0.9111784866877964, 0.9107773247219267, 0.9060890447525751, 0.9025897781054179, 0.8981953575497582, 0.8996274272600809, 0.9018647244998387, 0.90146047160739, 0.89580085731688, 0.8954155274799892, 0.8996082714625767, 0.8900630474090576, 0.8912150093487331, 0.8876494254384723, 0.8931848719006493, 0.8956397942134312, 0.8924663208779835, 0.8886117339134216, 0.8835606149264744, 0.8880757320494879, 0.885327764919826, 0.891132272425152, 0.8847037809235709, 0.8836646477381388, 0.886799502940405, 0.8787665764490763, 0.8849880780492511, 0.8876049433435712, 0.882788516226269, 0.8823734578632173, 0.8801678958393279, 0.8814127331688291, 0.8839292242413476, 0.8793292556490216], "jaccard_coef_int": [0.17987213212819325, 0.24505057505198888, 0.27334466576576233, 0.29866500411714825, 0.34043033775829135, 0.3823936666761126, 0.4138867088726589, 0.4400971886657533, 0.45588798891930354, 0.4670939559028262, 0.48471557810193017, 0.4938433241276514, 0.5088852147261301, 0.5100907853671482, 0.5146627951235998, 0.5199950167110988, 0.5231016689822787, 0.5225554236343929, 0.5324735144774119, 0.5424233873685201, 0.549379784436453, 0.5487997432549795, 0.5545776628312611, 0.562452549026126, 0.578544135604586, 0.5783543572539375, 0.5823002698875609, 0.5889202838852292, 0.5849134922027588, 0.5919808177720933, 0.6039605452900841, 0.6088274916013082, 0.6161926956403823, 0.6240597338903517, 0.6297121530487424, 0.6290462102208819, 0.6320449170612153, 0.6399177227701459, 0.6437675924528212, 0.6567889224915278, 0.6632602782476515, 0.6683661682265145, 0.672058641910553, 0.6745929547718593, 0.6779023863020397, 0.6786777291979108, 0.6834549307823181, 0.6863228763852801, 0.6872378956703913, 0.6933816699754625, 0.6916173355919975, 0.6985667461440677, 0.6975919888133094, 0.7008400303976876, 0.702124107451666, 0.7032830062366667, 0.7049459673109508, 0.7019170437540326, 0.7072386968703497, 0.7065224732671466, 0.7080398883138385, 0.708944076583499, 0.7107490102450053, 0.7100102816309247, 0.7123389215696425, 0.7120042727107093, 0.7138589677356538, 0.7135550833883739, 0.7153057910147167, 0.7159859452928815, 0.7174061139424642, 0.7168697175525484, 0.7162206087793622, 0.7161720537004017, 0.7179418773878188, 0.718015506154015, 0.7163987699009123, 0.7189969448816209, 0.7188994714191982, 0.7197302296048119, 0.7183996893110729, 0.7177780866622925, 0.7187013938313439, 0.7195928522518703, 0.7210130407696679, 0.7196741075742812, 0.7205405093374706, 0.7186940142086574, 0.7205069632757277, 0.7209329378037226, 0.7199149245307559, 0.7222911999339149, 0.7206998410679045, 0.7199213249342782, 0.7211898820740836, 0.7211331611587888, 0.7217842085020882, 0.7217241695949009, 0.7208947000049409, 0.7221281102725438], "binary_crossentropy": [1.0512831466538566, 1.240992784500122, 1.313023323104495, 1.3291170540310087, 1.232258018993196, 1.1264286835988362, 1.0433587857655116, 0.9683995190120879, 0.9106842109135219, 0.8651043999762762, 0.8244615168798537, 0.7854066065379551, 0.7489408283006578, 0.7427104456084115, 0.7216930588086446, 0.7050431427501497, 0.6840561997322809, 0.6517961819966634, 0.6485665355409894, 0.6195060894602821, 0.6094754423413958, 0.6004185335976737, 0.5943057678994679, 0.5236690768173763, 0.4659036695957184, 0.4586602733248756, 0.4571478409426553, 0.4418106646764846, 0.4557110865910848, 0.44989204548654105, 0.42845197518666583, 0.4258182190713428, 0.41623299036707195, 0.40287702849933077, 0.39268337686856586, 0.39848272857211886, 0.3933576742808024, 0.37870401995522635, 0.37689886064756484, 0.356203495036988, 0.34807066974185763, 0.33948029364858356, 0.3334640186457407, 0.3302890232631138, 0.3274479593549456, 0.32548088261059355, 0.319298376639684, 0.31744216737293063, 0.314651221036911, 0.30749409681274775, 0.31072252492109936, 0.3002344937551589, 0.302595154160545, 0.2980693486474809, 0.29619753431706203, 0.2960149695475896, 0.2925576979205722, 0.29698993478502544, 0.29196709181581226, 0.2925865054130554, 0.2911407465026492, 0.28988799168950036, 0.2875138769547145, 0.28786012814158485, 0.2868566158271971, 0.28634885875951677, 0.2838390583083743, 0.28382190139520735, 0.2831871694042569, 0.28234345501377467, 0.2808470435085751, 0.2810149356013253, 0.28199982926959083, 0.2816766245024545, 0.27994942310310544, 0.2809236588932219, 0.28113209420726415, 0.2778748401573726, 0.2788318395614624, 0.2777863343556722, 0.279936956507819, 0.2814214222487949, 0.28033565126714255, 0.2786094695329666, 0.2763841726950237, 0.2781257090114412, 0.27724550593466984, 0.27952628760110765, 0.2772498840377444, 0.27722530492714476, 0.2783754418293635, 0.27558871252196177, 0.27818703935259864, 0.27907941880680265, 0.27659477861154647, 0.2769046929620561, 0.27571260716233936, 0.27635088846797035, 0.27758020375456127, 0.27553150199708487],