{"val_binary_crossentropy": [4.096813577872056, 0.9476027519274981, 1.055386720559536, 0.8838222210223858, 0.8266836970280378, 0.77793500209466, 0.7890364436002878, 0.7646420995394388, 0.8327762117752662, 0.8388120180521256], "val_loss": [7.044611527369573, 6.537073269868508, 5.461604032761011, 3.876546804721539, 3.4395211048615284, 3.115397538894262, 2.7287805447211633, 2.924895683924357, 2.590262431364793, 2.5838520465753017], "val_jaccard_coef_int": [0.09399183037189338, 0.02011587090929924, 0.023668979091617543, 0.09742619479313874, 0.1641238815127275, 0.21979482357318586, 0.27099127417955643, 0.2204534453459275, 0.2890919538644644, 0.2885891638505153], "binary_crossentropy": [1.5431541879720325, 1.1455188435089738, 0.9961557407167894, 0.8873457440847083, 0.8225972543034372, 0.8437732046918024, 0.8624111576170861, 0.8776130423515658, 0.8915343220475354, 0.8932455910157554], "loss": [5.75365394882009, 5.134103141253507, 4.242619585387314, 3.602390897424915, 3.1522838722301434, 2.857596109185038, 2.704824794696856, 2.625288785258426, 2.5512938122206097, 2.4808186518995066], "jaccard_coef_int": [0.06783933882141792, 0.057223630243841604, 0.11922653964897499, 0.16744432343712337, 0.2151228669512121, 0.2578048699452907, 0.28452365553077263, 0.29796555562864374, 0.3120276185719273, 0.32470382467100894]}