{"loss": [5.449497926802862, 3.079985050928025, 2.7616178535279774, 2.489757390249343, 2.2873007342928933, 2.1302448965254284, 1.9407330183755784, 1.8242595536368233, 1.7217994360696702, 1.6835620857420421, 1.6082175459180559, 1.6015957707450503, 1.5590280691782634, 1.4898692880358015, 1.4507951055254256, 1.4192345426196145, 1.412650460288638, 1.3578498420261202, 1.3373530819302513, 1.3089620102019537, 1.2636962164015997, 1.250317823319208, 1.2509673493249076, 1.2428555942717052, 1.230752740587507, 1.2017772538321358, 1.1967553524743944, 1.2099086500349499, 1.1488992401531763, 1.1357064729645139, 1.1093696299053373, 1.0847061106136866, 1.0684410759380885, 1.0632451205026536, 1.0633604696818761, 1.0467629404295058, 1.0280070702234905, 1.0102580643835521, 0.9969129278546288, 0.9789048830668131, 0.9727364352771214, 0.9575379405702863, 0.9658543126923698, 0.9520180338904971, 0.9432728035109383, 0.9353240047182355, 0.9214294183821905, 0.9122800174213591, 0.9110037031627837, 0.8957354539916629, 0.8902068308421544, 0.8817716098967052, 0.8780673940976461, 0.8743664253325689, 0.862187229451679, 0.8590234631583804, 0.8511658992086139, 0.8557882933389573, 0.8435078830946059], "jaccard_coef_int": [0.41775178412596387, 0.5540177467323485, 0.5762936359360105, 0.6073860412552243, 0.6298635431698391, 0.6479337328956241, 0.6746746755781627, 0.6897043699309939, 0.7055598837988717, 0.7106251915295919, 0.7213820871852693, 0.7213283408255804, 0.7281037483896527, 0.7380469810395014, 0.7436702478499639, 0.7494575182596842, 0.7498389993395124, 0.758413919380733, 0.7612652665092832, 0.7659856024242583, 0.7727362144561041, 0.7756504444848924, 0.775761087735494, 0.776813112554096, 0.7787972291310629, 0.7831901709238688, 0.7839883878117516, 0.7820642391840616, 0.7918263077735901, 0.794269357408796, 0.7992438815888905, 0.8025581609635126, 0.8058373133341471, 0.8063325342677888, 0.806566385995774, 0.8086490347271874, 0.8126686527615502, 0.8151349027951559, 0.8179635064942496, 0.8211167057355245, 0.8218194757189069, 0.8248531477791923, 0.8232870811507815, 0.8255000284739903, 0.8273054843857175, 0.8288791662170774, 0.8310610510054088, 0.8326098862148467, 0.8329962123008001, 0.8354655816441491, 0.8364617909703936, 0.8380570667130607, 0.8385886464800153, 0.8394168870789664, 0.8413439080828712, 0.8420964649745396, 0.8435352075667608, 0.8426912370182219, 0.8448580191248939], "binary_crossentropy": [0.8874265892165047, 0.7890952257882982, 0.810354627314068, 0.7987291642597744, 0.7614547298068092, 0.7159399305071149, 0.6770359448024205, 0.6529250655855451, 0.6355448280061994, 0.6370345041865394, 0.6172719030153184, 0.620429094348635, 0.6234274194354102, 0.5978672546999795, 0.5967849904582614, 0.5933985497270312, 0.6008184197403136, 0.5757590461344946, 0.5787289880570912, 0.5682348836035955, 0.5505801127070472, 0.5561305767013913, 0.5667387020020258, 0.5656070865335918, 0.5622722974845341, 0.5525793234507242, 0.5585134284836906, 0.5672969420750936, 0.5372686386108398, 0.542601595322291, 0.5310729046662649, 0.5156505874225071, 0.5154596254939124, 0.5088242519469488, 0.512434150491442, 0.5052533192293984, 0.5001669313226428, 0.48969157394908724, 0.4869332952158792, 0.47825347099985394, 0.47622273223740713, 0.47035841998599826, 0.47464987351780846, 0.46653735637664795, 0.4623321919214158, 0.46134364179202486, 0.45432426532109577, 0.44876750594093684, 0.450461996453149, 0.4419078358582088, 0.4400721305892581, 0.43539542527425856, 0.43377149672735305, 0.4317553185281299, 0.42517913523174466, 0.424236984479995, 0.420538991689682, 0.4234867606844221, 0.4164481957753499], "val_binary_crossentropy": [7.322536468505859, 8.472983169555665, 5.776529121398926, 2.020492601394653, 1.7526050567626954, 1.4301969528198242, 0.8345494389533996, 1.189076542854309, 0.7797314405441285, 0.9722344160079956, 0.8312495589256287, 0.6142842888832092, 0.7309268116950989, 0.8868050694465637, 0.6048545837402344, 0.8350287318229676, 0.6084912538528442, 1.0310411334037781, 0.6443725824356079, 0.5485819637775421, 0.5951798796653748, 0.6041495203971863, 0.7549766421318054, 0.5670276403427124, 0.5591115355491638, 0.5512436389923095, 0.8623905420303345, 1.8636396884918214, 0.5519716620445252, 0.6535817623138428, 0.5384459316730499, 0.5331454753875733, 0.5393340468406678, 0.5402775049209595, 0.5329837620258331, 0.5737928152084351, 0.5380011439323426, 0.5779688239097596, 0.5319393932819366, 0.5208467781543732, 0.5232643842697143, 0.5212696194648743, 0.5390028357505798, 0.5664755344390869, 0.6010720491409302, 0.577495563030243, 0.5709233045578003, 0.5463432550430298, 0.5567441701889038, 0.5555053412914276, 0.5340271770954133, 0.540246331691742, 0.5460514187812805, 0.5457151055335998, 0.533366072177887, 0.5504025816917419, 0.5465704381465912, 0.5634129881858826, 0.544511467218399], "val_loss": [9.312526512145997, 10.267772102355957, 7.7968470573425295, 3.6503829956054688, 3.491669750213623, 2.8435110569000246, 2.414219284057617, 2.8101661682128904, 2.2026471853256226, 2.790673112869263, 2.352002763748169, 1.696853232383728, 2.0752681493759155, 2.2220233917236327, 1.5949300289154054, 2.492958927154541, 1.5576331615447998, 2.909825897216797, 1.7453426599502564, 1.389782476425171, 1.462617611885071, 1.4686322450637816, 1.9638647556304931, 1.3600835084915162, 1.3622999906539917, 1.3645417451858521, 2.480790615081787, 3.607509231567383, 1.288208556175232, 1.5749217510223388, 1.196803045272827, 1.1996111392974853, 1.1812089681625366, 1.1930688619613647, 1.2425564527511597, 1.3958245277404786, 1.2411827087402343, 1.4651603937149047, 1.2053726434707641, 1.1340946674346923, 1.1374597072601318, 1.178303599357605, 1.1431408166885375, 1.2122708559036255, 1.2738840103149414, 1.2011266231536866, 1.188846182823181, 1.1280970335006715, 1.1592223167419433, 1.1112576484680177, 1.097480869293213, 1.1269874334335328, 1.1217663288116455, 1.1076691150665283, 1.105609405040741, 1.1164108276367188, 1.0971765756607055, 1.1220373630523681, 1.0973759770393372], "val_jaccard_coef_int": [0.3257252097129822, 0.3092398703098297, 0.3753382623195648, 0.5348766803741455, 0.5756357908248901, 0.6155710339546203, 0.5973636865615845, 0.6202415466308594, 0.6390702366828919, 0.5473826289176941, 0.5979299426078797, 0.7001791596412659, 0.6461445212364196, 0.6340168714523315, 0.7116858124732971, 0.6125945925712586, 0.7197152733802795, 0.5671481132507324, 0.6778446912765503, 0.7446041345596314, 0.7361398458480835, 0.7344012379646301, 0.6758005619049072, 0.7490934371948242, 0.7480050325393677, 0.7477348685264588, 0.6224194884300231, 0.5606932997703552, 0.764067268371582, 0.7274660110473633, 0.7821297287940979, 0.7804298877716065, 0.7831326365470886, 0.7809410929679871, 0.7688076376914978, 0.7406628847122192, 0.7674539923667908, 0.7251417756080627, 0.7753497004508972, 0.7910163760185241, 0.7902249932289124, 0.7806376099586487, 0.7888713479042053, 0.7769182085990906, 0.7672121405601502, 0.7799531936645507, 0.78241446018219, 0.793320631980896, 0.7860042810440063, 0.7982577562332154, 0.7991426110267639, 0.793205988407135, 0.7945095539093018, 0.7977030515670777, 0.7971399426460266, 0.7961418509483338, 0.8005187034606933, 0.7961811184883117, 0.8005019307136536]}