{"val_loss": [1.3678566732649076, 1.576408303390115], "loss": [1.394182183823002, 1.3673311456849304], "binary_crossentropy": [0.3433991714620389, 0.35019407047249596], "val_jaccard_coef_int": [0.4773753179331957, 0.446444981431557], "val_binary_crossentropy": [0.33892145500344745, 0.31147705075346815], "jaccard_coef_int": [0.46155095238725846, 0.4722398743976521]}