{"loss": [3.1131992083329423, 2.9295170013721172, 2.766265872808603, 2.5954261706425594, 2.479378584715036, 2.4245433789033157, 2.3096453795066245, 2.3097397290743316, 2.210584251697247, 2.166911640534034, 2.0680278521317703, 2.066246880017794, 1.9972701237751886, 1.9951433163422805, 1.8902255039948683, 1.9011404752731322, 1.8740295501855704, 1.8749996240322406, 1.8554716165249163, 1.7577039406849788, 1.793628716468811, 1.7590555832936214, 1.7242496692217313, 1.7461200310633733, 1.7397398471832275, 1.6647910136442918, 1.710739907851586, 1.6754193892845741], "regression_loss": [2.5281774630913367, 2.400294168178852, 2.270337016765888, 2.1282398719054, 2.0286289068368766, 1.9893819607221164, 1.903030098401583, 1.8898861169815064, 1.8226192969542283, 1.787857644374554, 1.705168157357436, 1.694816413292518, 1.6474232251827534, 1.6414364567169777, 1.552943495603708, 1.5635877957710853, 1.5471118596883922, 1.5481203060883741, 1.5225742633526143, 1.4475861503527714, 1.4685674713208126, 1.4363532534012429, 1.425582973773663, 1.4357863270319424, 1.432879899098323, 1.3688449593690726, 1.3968163242706886, 1.3725175765844493], "val_regression_loss": [2.3575618375431406, 2.1777289563959297, 1.996798574924469, 1.9755936590108005, 1.839809542352503, 1.8701609047976406, 1.7565358010205356, 1.7528131062334233, 1.8115777535872026, 1.7150334607471118, 1.893779527057301, 1.6273544159802524, 1.6188011928038164, 1.7063005620783025, 1.6869312958283857, 1.828069724819877, 1.7566083723848516, 1.6462747833945535, 1.883602418682792, 1.5859746987169439, 1.7044982693412087, 1.6656411398540845, 1.8976454030383716, 1.8329957669431514, 1.7414779337969692, 1.7218661308288574, 1.7640076713128523, 1.6845657988028093], "val_classification_loss": [0.4924882663921876, 0.5281130590222098, 0.4245599995959889, 0.40618752620436926, 0.38901506906205957, 0.3793957937847484, 0.37660209428180347, 0.4306741641326384, 0.3375418951565569, 0.3376003165136684, 0.3405608412894336, 0.3219155818223953, 0.33763566613197327, 0.32238523120229895, 0.32217582992532035, 0.33427703651514923, 0.3107153305953199, 0.3071711679751223, 0.3325451443141157, 0.29021618786183273, 0.3081253475763581, 0.2973272062160752, 0.2962126149372621, 0.33060103180733597, 0.3054268956184387, 0.31416511874307285, 0.3098850406029008, 0.2999549602920359], "val_loss": [2.850050080906261, 2.705841996453025, 2.4213586070320825, 2.381781155412847, 2.228824631734328, 2.249556682326577, 2.133137892593037, 2.1834872419183906, 2.149119648066434, 2.052633773196827, 2.2343403805385935, 1.9492700045759028, 1.9564368670636958, 2.028685813600367, 2.0091071237217295, 2.162346747788516, 2.067323695529591, 1.9534459439190952, 2.216147579930045, 1.8761908845468, 2.0126236189495432, 1.962968344038183, 2.193858016620983, 2.163596760142933, 2.046904823996804, 2.0360312245108863, 2.0738927071744744, 1.984520749612288], "classification_loss": [0.5850217301111955, 0.5292228309007792, 0.4959288523747371, 0.46718629552767826, 0.4507496774196625, 0.43516141863969654, 0.40661528385602513, 0.41985360383987425, 0.38796495428452127, 0.3790539991397124, 0.3628596897308643, 0.3714304669545247, 0.34984689973867855, 0.3537068573328165, 0.33728199647023127, 0.33755268202378197, 0.3269176932481619, 0.32687930854467245, 0.3328973568402804, 0.3101177875812237, 0.32506123918753405, 0.3227023333311081, 0.2986666922385876, 0.31033371205513294, 0.3068599398319538, 0.29594605358747333, 0.3139235835808974, 0.3029018204945784]}