{"loss": [3.3610342168807983, 2.1463808708190917, 1.7916069736480713, 1.5777775712013244, 1.4178470993041992, 1.3144511835575103, 1.2262110080718993, 1.1648141543865205, 1.134055247068405, 1.062872362613678, 1.0261526594161987, 1.0023063747882843, 0.9701298756599426, 0.9678319962024688, 0.9432672436237335, 0.8981674463748932, 0.8780043761730194, 0.8712225780487061, 0.8623435238599777, 0.8414694437980652, 0.8103317632675171, 0.8238764765262604, 0.792607303738594, 0.7935829414129257, 0.7916465773582458, 0.7756763823032379, 0.7781589546203613, 0.7642540714740753, 0.768113002538681, 0.7454327178001404, 0.7491925728321075, 0.7350309996604919, 0.727279410481453, 0.7502524272203446, 0.7241851694583893, 0.7133748757839203, 0.7202284727096557, 0.7166013952493667, 0.696182755947113, 0.7082966041564941, 0.6966751962900162, 0.6849701019525528, 0.6953041591644287, 0.6868821294307709, 0.6780550225973129, 0.6952703409194946, 0.6680305038690567, 0.6839205641746521, 0.6779023085832596, 0.6570792751312255], "regression_loss": [2.514033414840698, 1.81017919921875, 1.5015863456726075, 1.31833038687706, 1.1830187482833863, 1.1039537191390991, 1.0383063387870788, 0.9939547040462494, 0.9715715835094452, 0.9117232174873352, 0.8836470940113068, 0.8643664314746856, 0.8364978232383729, 0.8360607740879059, 0.8165491325855255, 0.7785061659812927, 0.7624031395912171, 0.7574497509002686, 0.7520163894891739, 0.7341202328205109, 0.707966047167778, 0.7213328799009323, 0.6932602968215943, 0.695731032371521, 0.6938726837635041, 0.68140107858181, 0.6834886226654052, 0.670582401752472, 0.6766388417482376, 0.6561372584104538, 0.659815136551857, 0.6465149606466294, 0.6411837103366852, 0.6622585889101028, 0.6386398862600327, 0.6279398787021637, 0.6366694275140762, 0.6332550716400146, 0.6158280149698258, 0.6256271201372147, 0.615021632194519, 0.6056702319383621, 0.6143133693933487, 0.6074094632863999, 0.5993402321338653, 0.614703508734703, 0.5908536896705627, 0.6039441212415695, 0.599512300491333, 0.5821277990341186], "val_regression_loss": [2.1015309286117554, 1.6081301975250244, 1.3894773268699645, 1.278272602558136, 1.1478674936294555, 1.0728715693950652, 1.0515757310390472, 0.9594123792648316, 0.9212985110282897, 0.8997221457958221, 0.8699360823631287, 0.8927183187007904, 0.8155844664573669, 0.843106300830841, 0.7917606818675995, 0.7854938375949859, 0.7737466466426849, 0.7691694033145905, 0.7444018054008484, 0.7122989875078202, 0.7086261618137359, 0.7165891480445862, 0.7073176491260529, 0.7089722639322281, 0.7087262141704559, 0.707221240401268, 0.6760850417613983, 0.6733242785930633, 0.6722071993350983, 0.6717009955644607, 0.6831724733114243, 0.6642674750089645, 0.6303484982252121, 0.670642117857933, 0.6526962435245514, 0.6480217343568802, 0.6180223506689072, 0.651062017083168, 0.6771579283475876, 0.6175061196088791, 0.6236696916818619, 0.6131638377904892, 0.638994489312172, 0.6245146912336349, 0.6283052778244018, 0.6066539704799652, 0.6065840280056, 0.6192979341745377, 0.6312706154584885, 0.6028057956695556], "val_classification_loss": [0.3772891342639923, 0.3089528352022171, 0.27330863833427427, 0.24586166709661483, 0.223666712641716, 0.1956261205673218, 0.1828221410512924, 0.16799602180719375, 0.1498642449080944, 0.1503006909787655, 0.14439391493797302, 0.13779498964548112, 0.12825838208198548, 0.12978769287467004, 0.12454885810613632, 0.11714652344584466, 0.11770490825176239, 0.11821597293019295, 0.10871459394693375, 0.10434335425496101, 0.09968738205730915, 0.10457265436649323, 0.09933755025267602, 0.09592649176716804, 0.10124800369143486, 0.09763262003660202, 0.09386540859937668, 0.0918926914036274, 0.09011238612234593, 0.09163585558533668, 0.09199492789804936, 0.08893743924796581, 0.08276392750442028, 0.08992215007543564, 0.08610049836337566, 0.08850306876003743, 0.0791430775076151, 0.08537520729005336, 0.0876651530712843, 0.08058099240064621, 0.0841175539791584, 0.07922427266836167, 0.08346511013805866, 0.08031055852770805, 0.07908271811902523, 0.07826869457960128, 0.08128491818904876, 0.08294101402163506, 0.08208113223314285, 0.07747755818068981], "val_loss": [2.4788200664520263, 1.9170830249786377, 1.6627859663963318, 1.5241342759132386, 1.3715342044830323, 1.2684976947307587, 1.2343978691101074, 1.127408403158188, 1.0711627578735352, 1.050022840499878, 1.0143299901485443, 1.030513311624527, 0.943842842578888, 0.9728939867019654, 0.9163095378875732, 0.9026403617858887, 0.891451553106308, 0.8873853814601899, 0.8531163990497589, 0.8166423428058625, 0.808313547372818, 0.821161801815033, 0.8066551995277405, 0.8048987579345703, 0.8099742180109024, 0.8048538601398468, 0.7699504458904266, 0.7652169668674469, 0.762319587469101, 0.7633368527889252, 0.7751674044132233, 0.7532049161195755, 0.7131124240159988, 0.7605642694234848, 0.7387967425584793, 0.7365248036384583, 0.6971654337644577, 0.7364372259378433, 0.7648230803012848, 0.6980871117115021, 0.7077872467041015, 0.6923881101608277, 0.7224595975875855, 0.7048252499103547, 0.7073880016803742, 0.684922662973404, 0.6878689438104629, 0.702238951921463, 0.7133517438173294, 0.6802833616733551], "classification_loss": [0.8470008103847504, 0.3362016661167145, 0.2900206316709518, 0.2594471868276596, 0.23482835030555724, 0.21049746412038803, 0.1879046702980995, 0.1708594467639923, 0.16248366445302964, 0.15114914631843568, 0.14250556752085686, 0.13793994244933128, 0.13363205489516258, 0.13177122235298155, 0.12671810966730118, 0.11966127842664719, 0.11560123574733734, 0.11377282416820526, 0.11032713566720485, 0.10734921106696128, 0.10236571753025055, 0.10254359592497349, 0.0993470066189766, 0.09785191015899182, 0.09777389505505561, 0.09427530419826508, 0.09467033211886883, 0.09367167101800442, 0.09147416196763515, 0.08929545971751213, 0.08937743711471557, 0.08851603925228119, 0.08609569947421551, 0.0879938385039568, 0.0855452835559845, 0.08543499644100666, 0.08355904361605644, 0.08334632425010205, 0.0803547395169735, 0.08266948397457599, 0.08165356187522411, 0.07929987068474292, 0.08099079118669034, 0.079472665771842, 0.0787147907167673, 0.08056683176755905, 0.07717681215703487, 0.07997644314169884, 0.07839000861346722, 0.074951475918293]}