{"loss": [3.7384808384069874, 3.0004080023084367, 2.576318101722653, 2.3326649154935564, 2.1339942807910823, 2.00722583201753, 1.886544181519196, 1.7854970092533016, 1.7213030322259213, 1.6453744393436849, 1.6107731176023723, 1.532716155052185, 1.4915792721660197, 1.4447557224946863, 1.404758140820415, 1.373477771502583, 1.3352224646496171, 1.3042553107277686, 1.2641478316122745, 1.2184633903142785, 1.1694355386645854, 1.1711171915551193, 1.1462417740781767, 1.1244322722699462, 1.1227617178644453, 1.0743177032270352, 1.0854466342124618, 1.061298799114067, 1.0403651765414648, 1.0276466527906787, 1.0108632861065263, 1.0150353958626754, 0.9744584570411875, 0.9681050542021999, 0.9550572117837537, 0.9584913048423639, 0.9273933162208364, 0.9065842518285543, 0.9118676896856612, 0.8915492972406018, 0.86158612395535, 0.8538013155720815, 0.8514831401720768, 0.8383362979448142, 0.849451385626272, 0.8293469072390003, 0.8211686430858964, 0.8171716452646656, 0.798807858919897, 0.8097056225568307], "regression_loss": [2.752609152753814, 2.4485213816666804, 2.1002319420085236, 1.894984260326674, 1.732239546896029, 1.627594543104412, 1.5276347168353426, 1.4465487343924386, 1.3942213298893775, 1.3322101776339428, 1.3012387602269149, 1.2384704261266886, 1.2014916318805278, 1.1637204715183802, 1.1307168733172055, 1.1032523683139257, 1.0697731200386495, 1.0447524675802022, 1.0083286807316691, 0.9681168013260144, 0.9254544272142298, 0.9277433527617895, 0.9046476393186745, 0.8876759875722292, 0.8844813368901485, 0.8429769487941966, 0.8528752557369841, 0.83109936844401, 0.8122200470010773, 0.8051504998647866, 0.78678130802988, 0.7910560584869706, 0.7565424943170628, 0.7495583278291366, 0.7400181629076725, 0.7431894383009743, 0.7159909255364362, 0.6983118866171155, 0.7019587399578896, 0.682799474531863, 0.6583174279257029, 0.6533297480655318, 0.6483632376214036, 0.6376113025080256, 0.647423311692326, 0.6323534926446546, 0.6205399890406793, 0.6217254926176632, 0.6029231801253407, 0.6120642611459524], "val_regression_loss": [2.6135276158650718, 2.2215048751315556, 2.010880373619698, 1.8545867430197227, 1.7296875478985074, 1.654442460687311, 1.5843773371464498, 1.5255361816904567, 1.4818073033212542, 1.4748709271619986, 1.4108119080732535, 1.4041901987952154, 1.3669714251080074, 1.3636782819086366, 1.3428612974312928, 1.3398269801526457, 1.3111164403391313, 1.3150188600694812, 1.2826182804666124, 1.2848940727946994, 1.2871085614771456, 1.301694309926248, 1.2702058865143373, 1.2681063037734848, 1.2703207537934587, 1.2686724442619461, 1.2728493197544202, 1.2635987948726963, 1.2597714807536151, 1.2573754701528463, 1.2678026680473808, 1.260623842209309, 1.2559690131797447, 1.2580309929074467, 1.2629739427351736, 1.258500952978392, 1.2562974911552292, 1.2516744544914178, 1.2930326966552046, 1.2528039367349297, 1.2532958903828182, 1.2495658381565198, 1.246517578760783, 1.250171122787235, 1.2560392387278445, 1.246710451873573, 1.2562771106625463, 1.2564512142189987, 1.2689340383082897, 1.254680918680655], "val_classification_loss": [0.8392057698052209, 0.8384841422776919, 0.777507378174378, 0.6738716602862418, 0.6701066389277175, 0.8198923565245964, 0.8834524509069082, 0.8864780785264196, 0.7541701586933823, 0.7662306793101199, 0.7284205190770261, 0.7436597956730439, 0.9252121888839446, 0.7581647827818587, 0.9193921274430042, 0.923567795270198, 0.7611135177247159, 0.9951923602336162, 0.7256133403327014, 0.8376108872460889, 0.8530169166960158, 0.8022163765387492, 0.8145607956894884, 0.7801867503303666, 0.8409223406164495, 0.8751985532743437, 0.8926470051477621, 0.8280259494308952, 0.7606886107105393, 0.834402019107664, 0.8605765697655378, 0.8341140363130484, 0.9862102796365549, 0.9313499108628109, 0.8687766312478898, 0.8186878178033743, 0.79732000962034, 0.8320218611944903, 0.729070751785158, 0.790947499844405, 1.0102750514004681, 0.9342693452899521, 0.9888221189245447, 0.8587027925091821, 1.1035817743421674, 0.9635901708860655, 0.8225348121948071, 0.9839962111400055, 0.9774412899403959, 0.8670767019460867], "val_loss": [3.452733377078632, 3.05998901633529, 2.788387745350331, 2.5284584062593476, 2.399794190853566, 2.474334814527013, 2.467829792349188, 2.4120142631702595, 2.2359774649680197, 2.2411016032502458, 2.139232425002364, 2.1478499882930033, 2.292183617213825, 2.1218430695233046, 2.262253421920914, 2.2633947638778, 2.0722299545734852, 2.3102112385603757, 2.008231625900612, 2.1225049560134477, 2.1401254873018005, 2.103910683511614, 2.084766683277783, 2.048293060010618, 2.1112430944099083, 2.1438709959253535, 2.165496334299311, 2.091624741081719, 2.0204600901217074, 2.091777494361809, 2.1283792418402596, 2.0947378787908466, 2.242179293890257, 2.1893809035017684, 2.131750569687233, 2.0771887710502557, 2.0536174988961435, 2.083696317028355, 2.0221034481718734, 2.0437514363108455, 2.263570938024435, 2.183835182104025, 2.2353396909730927, 2.108873919323758, 2.3596210200507364, 2.2103006356471293, 2.0788119236628213, 2.240447434219154, 2.246375322341919, 2.1217576211637206], "classification_loss": [0.9858716931663641, 0.5518866226452739, 0.47608614619038686, 0.4376806601756761, 0.4017547356481312, 0.37963128440520344, 0.3589094599254993, 0.33894828838460583, 0.327081708472316, 0.3131642614593025, 0.3095343582519964, 0.29424572817417755, 0.29008764116203084, 0.2810352459675124, 0.27404126750320945, 0.2702254021868986, 0.26544934661448505, 0.25950284414932506, 0.25581914975362663, 0.25034658936392357, 0.2439811099477175, 0.2433738404211878, 0.24159413212988556, 0.23675628369595825, 0.23828037972209834, 0.2313407568120155, 0.2325713849869095, 0.23019943492753164, 0.22814512578379206, 0.22249615730858652, 0.22408198208368124, 0.22397933349388988, 0.2179159609710469, 0.218546727500042, 0.21503905238223678, 0.21530186528919124, 0.21140239218703838, 0.2082723654618784, 0.20990895235738835, 0.20874982083044133, 0.2032686944017891, 0.20047157026138626, 0.2031199031767725, 0.2007249954367886, 0.20202806879993246, 0.1969934165978632, 0.2006286516660402, 0.19544615540183893, 0.19588468017197458, 0.19764136278829655]}