{"loss": [3.134935936422059, 2.1552543054927478, 1.796834035353227, 1.5604283876491316, 1.4177946486256339, 1.2865147536451167, 1.1944534238540765, 1.11554500876051, 1.057348813974496, 0.9883000158902371, 0.9429171814159913, 0.8791471057769024, 0.8466964309865778, 0.8172557013504433, 0.7632284429037209, 0.7399508478966627, 0.7032863494121667, 0.6787255506623875, 0.6523967437671893, 0.5645316615249172, 0.5322249444145145, 0.511379001899199, 0.4944896977507707, 0.4777284598711765, 0.4710224185929154, 0.4540364724217039, 0.4369495250058897, 0.43026695409507465, 0.4188148681864594, 0.40933111707369485, 0.3918880346598047, 0.38326763406847464, 0.37783088101582096, 0.35677825338912733, 0.35730741267854516, 0.3428516708540194, 0.34036287249940816, 0.32111157811049257, 0.32072625358899437, 0.28285354470664803, 0.2691017046345003, 0.26160586476325987, 0.264278350093148, 0.24746692898598585, 0.24905167479406704, 0.23957357928156853, 0.23017256729530566, 0.23327275169166653, 0.22646934189128154, 0.21982815676566325], "regression_loss": [2.409084152091633, 1.7230156490297028, 1.4234748672355304, 1.225059966065667, 1.102854272903818, 0.9929985599084334, 0.9121178650494778, 0.842918047579852, 0.7911762358564319, 0.7326901279615633, 0.6939116602594202, 0.6405510827898979, 0.6116690544016433, 0.5852026415593696, 0.5416205525398254, 0.5203222914175554, 0.4941935196518898, 0.47512436391729296, 0.45285796708229814, 0.38246179182421075, 0.34854718713146265, 0.33761692918611297, 0.3217527914227861, 0.30745409582600447, 0.30736581613168573, 0.29274374625899574, 0.27908612164584073, 0.2765550421494426, 0.26852883426754764, 0.2632655168798837, 0.2522779868407683, 0.2455404626374895, 0.24353245268716955, 0.22659918137572027, 0.23158271581386075, 0.22298004352910952, 0.21880922798405994, 0.20856541409862764, 0.20734997195276347, 0.1802023842366356, 0.171015162427317, 0.16546603708217542, 0.16727131176739932, 0.1581450281156735, 0.15847507915036244, 0.15460186080273353, 0.14728581768771012, 0.15015445672201388, 0.14770084078226126, 0.14146098495094162], "val_regression_loss": [2.007334334866984, 1.6503732121074117, 1.3840348382929821, 1.310851048339497, 1.1491673676284042, 1.1190278490523358, 1.1209120100194758, 1.0014205508298808, 0.968327241135644, 0.972818418816253, 0.9097441088903201, 0.9121113630024703, 0.890517043275433, 0.898009718923302, 0.8642876331622784, 0.8544708411176721, 0.875769277135809, 0.8461239160774471, 0.8724088656318771, 0.8213194310665131, 0.821768827371664, 0.8432834867414061, 0.8374400493148324, 0.8228462259252588, 0.8218077667109616, 0.8158509064387608, 0.8274405408989299, 0.844986498981089, 0.8433463094117758, 0.8234725225638676, 0.8429570431475872, 0.8535965085029602, 0.8456790224238709, 0.8733835109880754, 0.855551422267527, 0.8471826646294627, 0.8373405699963337, 0.859750775398908, 0.8504819021775172, 0.855430180584634, 0.8643199153296597, 0.8622753235635224, 0.860157710897339, 0.8864133993645648, 0.8727541955617758, 0.879968878480938, 0.8758221462473169, 0.8943237462243834, 0.8825662800898919, 0.8678452706003522], "val_classification_loss": [0.5767012949173267, 0.5849185010769984, 0.5911971241027325, 0.4419463754117072, 0.5043350205971644, 0.6845621802173294, 0.5024126011591691, 0.4525611423529111, 0.5503303872330205, 0.42626842439591467, 0.7495324715867743, 0.5129228256173901, 0.5367738136669973, 0.46508632464842364, 0.638104696999063, 0.7170030701827336, 0.47183878834430987, 0.6126658080757915, 0.5623056880244008, 0.7847204466799756, 0.81091813013687, 0.5989401308181402, 0.6562492706767329, 0.5936467325562363, 0.735213500532237, 0.8744149637389016, 0.7760895205127609, 0.7137191683262378, 0.7212458910433562, 0.8416645462279553, 0.934614069395132, 1.0785099032458725, 0.6912712843476475, 0.8311669968224905, 0.9873042142057752, 1.1202029041893833, 1.4783757804157016, 1.1052368546907718, 1.3403942918444014, 1.213897405804454, 1.4368814659285378, 1.3867603519579748, 1.478017109257358, 1.4779182339048051, 1.5363756837127927, 1.6915472635439226, 1.4631137970861021, 1.7836917865943243, 2.073680491505803, 1.5160024211956904], "val_loss": [2.5840356274918244, 2.2352917219375397, 1.975231959269597, 1.752797425210059, 1.6535023917685021, 1.803590026768771, 1.6233246147215783, 1.4539816963089096, 1.5186576322242096, 1.399086844254207, 1.6592765775593845, 1.425034187890433, 1.4272908576718577, 1.3630960404456078, 1.502392326618408, 1.571473917761049, 1.3476080631876326, 1.458789726237317, 1.4347145565739878, 1.606039874620371, 1.6326869621977105, 1.4422236205814603, 1.4936893273900438, 1.4164929673388287, 1.5570212706819282, 1.6902658718449253, 1.6035300659966636, 1.5587056721007073, 1.5645921988920732, 1.6651370658741131, 1.7775711092081936, 1.9321064102899779, 1.536950306042091, 1.7045505151048408, 1.8428556281369883, 1.9673855709029244, 2.3157163558306393, 1.9649876247752796, 2.190876189645354, 2.0693275803452607, 2.301201379382527, 2.249035678543411, 2.3381748182790263, 2.364331634728225, 2.409129875523227, 2.571516135355809, 2.338935937914815, 2.678015529275774, 2.9562467745134047, 2.3838476897119643], "classification_loss": [0.7258517888459293, 0.4322386598948276, 0.37335916911110734, 0.33536841837745723, 0.3149403739607695, 0.29351619364637316, 0.28233555979800945, 0.2726269619031386, 0.266172576492483, 0.25560989113468113, 0.2490055195309899, 0.23859602215163636, 0.23502737694617473, 0.2320530586621978, 0.22160789013812035, 0.21962855713385523, 0.20909283116008295, 0.20360118730953244, 0.19953877713644144, 0.182069870513497, 0.1836777571250092, 0.1737620724647334, 0.17273690632798455, 0.17027436542240057, 0.16365660334175283, 0.16129272591435548, 0.15786340329231638, 0.15371191251006994, 0.15028603365927032, 0.14606560023896623, 0.13961004871084834, 0.13772717145356264, 0.13429842788838978, 0.1301790718327869, 0.12572469617607016, 0.11987162584608252, 0.12155364475241213, 0.11254616292814414, 0.1133762820652037, 0.10265116120378176, 0.09808654128150507, 0.09613982760770755, 0.09700703819592794, 0.08932190067840345, 0.09057659549695073, 0.08497171818532727, 0.08288674951728546, 0.08311829537604794, 0.07876850104128773, 0.07836717151556954]}