{"loss": [3.605458860044126, 2.701930339689608, 2.305253083323255, 2.0568312884848794, 1.8546515887166246, 1.728933393219371, 1.6107818675629886, 1.5060491447831377, 1.4378623554000147, 1.3534763069064528, 1.2785804724251781, 1.2384233548317427, 1.1855740749541623, 1.1355600507906924, 1.0803961385915308, 1.06529223109469, 1.0099399520291223, 0.9959456037592005, 0.9312434601195064, 0.8860771461033526, 0.8415581990539291, 0.8283241043488184, 0.800764932124703, 0.7713843749629127, 0.7600176323343206, 0.7534551337177371, 0.7435888094298634, 0.7118801286926976, 0.7442990959058573, 0.6907589466851435, 0.6752987595987908], "regression_loss": [2.659520430329405, 2.1794621620649175, 1.8517678041516998, 1.6425149536427157, 1.4753878399913694, 1.3717902052549669, 1.2695955711382407, 1.180578045271061, 1.1174051857288974, 1.0483727009943973, 0.9873754216565026, 0.9465418285057868, 0.907490787130815, 0.8644559872739109, 0.8172299893182001, 0.802582088811898, 0.7631048300751934, 0.7410827893533825, 0.686844284887667, 0.6469808491291823, 0.6103571859406837, 0.6026039706704057, 0.5690496973233459, 0.5514349018534025, 0.5433755944724437, 0.5334578382748144, 0.5257351921848309, 0.5007463882642763, 0.5259795023335351, 0.48286696753384156, 0.4706301897948171], "val_regression_loss": [2.4385621472250056, 2.004367493375947, 1.8376830672915978, 1.6308552177646491, 1.486244863347162, 1.4674039581153966, 1.3333103724672823, 1.279978715166261, 1.1931451453438289, 1.2843251590487323, 1.1817383600186697, 1.2084219964999188, 1.1275624474392663, 1.1261612180667588, 1.0551465334771555, 1.0399443658092353, 1.0423157034041006, 1.0333660078954092, 1.0022011350227307, 0.964734721032879, 0.9606396352188497, 0.9549692167511469, 0.971292259949672, 0.9587705486182925, 0.9646808373022683, 0.9708295536192157, 0.9755339882796323, 0.9251830709885948, 0.9450787430322622, 0.9436441682562043, 0.9554156208340125], "val_classification_loss": [0.655917698823953, 0.6005872604967673, 0.5490340533890302, 0.5076186543778528, 0.5549024264269238, 0.5220603243082385, 0.5481346140179453, 0.6109776464821417, 0.4643581896265851, 0.48762516507619547, 0.44095985817758343, 0.4701380803237987, 0.4411710981704012, 0.5160196489548381, 0.5723240205758735, 0.5041333853821212, 0.4113635490589504, 0.5204600906824763, 0.4654554266341125, 0.531564975275269, 0.4912398204773287, 0.4836442257407345, 0.4895011420491375, 0.49908534767506996, 0.6444389738991291, 0.5603989834272409, 0.48887516737361497, 0.4800018028745168, 0.4333326018686536, 0.4616603860749474, 0.48808502226690703], "val_loss": [3.094479847557937, 2.604954751232002, 2.3867171293572533, 2.13847388345984, 2.041147287887863, 1.9894642754446101, 1.881444985353494, 1.8909563595735575, 1.6575033332728133, 1.7719503278973736, 1.6226982187621202, 1.6785600751261167, 1.5687335556066488, 1.6421808690964421, 1.627470547639871, 1.5440777570386477, 1.4536792552923854, 1.5538260997096194, 1.4676565610909764, 1.496299696874015, 1.4518794545644447, 1.4386134328721445, 1.4607934046395217, 1.4578558949730065, 1.6091198091265522, 1.5312285378009458, 1.4644091514092457, 1.405184871033777, 1.378411339808114, 1.4053045473521268, 1.4435006447985201], "classification_loss": [0.9459384264033518, 0.5224681807520949, 0.45348527788380044, 0.41431632932321527, 0.3792637495530976, 0.35714318575682463, 0.34118629467708095, 0.32547110521499023, 0.3204571685673278, 0.30510360563610806, 0.2912050534361674, 0.29188152494621866, 0.27808329095075157, 0.27110406416065896, 0.2631661508370329, 0.26271014283468697, 0.2468351204822093, 0.25486281127841387, 0.2443991740360672, 0.2390963010213993, 0.2312010140330703, 0.22572013510414113, 0.23171523572118194, 0.21994947458122982, 0.2166420385517456, 0.21999729737455462, 0.21785361853278715, 0.21113373831282428, 0.21831959771153367, 0.20789197772557352, 0.20466857081578102]}