{"loss": [3.018942881955041, 2.055976172619396, 1.6826207298371527, 1.4740967033637895, 1.3355558589100838, 1.2185566261410714, 1.1321639868948195, 1.0545035052630636, 1.001223431362046, 0.9404450189736154, 0.8936610348522663, 0.8477515245477358, 0.8021277393731806, 0.7731928235126866, 0.739082542889648, 0.7032661026550664, 0.6721780151128769, 0.6551031744314565, 0.632837914261553, 0.54872903989421, 0.5187685257858701, 0.4991597382558717, 0.48198970129920377, 0.4656919974833727, 0.45570638088716403, 0.43922525300747817, 0.43049911430312526, 0.41776989868117703, 0.4046401201436917, 0.3979316899759902, 0.38198162983689044, 0.3721911121159792, 0.3644284127487077, 0.3565589181664917, 0.34949740001724827, 0.3389766285402907, 0.32859321414596504, 0.3187250669217772, 0.31067202364404994, 0.27858541202214027, 0.26396636428932346, 0.2571632419816322, 0.251550481075214, 0.24436264710707797, 0.2389858452603221, 0.23305020106749402, 0.22926067384994692, 0.22410559174087313, 0.21946977720492417, 0.21601518077982795], "regression_loss": [2.340122902062204, 1.6433440236581696, 1.3327859827213817, 1.1558801313241323, 1.0373201578855515, 0.9366117579241594, 0.8633847101695008, 0.7931291590134303, 0.7489645092023743, 0.6972996640536521, 0.6534730154607031, 0.6165833998885419, 0.5786669206702046, 0.5560631676680512, 0.527892094809148, 0.4964298390265968, 0.47039330473376645, 0.4547455094340775, 0.4424741147706906, 0.36856620620108316, 0.3450392966055208, 0.3286713588154978, 0.3157018426598774, 0.30297403714309135, 0.29495066292583944, 0.2833254547789693, 0.27746989135113026, 0.27000698652118443, 0.25943467078937427, 0.25595841898272437, 0.2448407443240285, 0.2401273353646199, 0.23561922205198144, 0.2303290502064758, 0.22786785760480496, 0.21921822375928363, 0.21401345994737414, 0.20820058009897668, 0.20241993361463148, 0.1791045936445395, 0.16828848955531914, 0.16359788089369734, 0.16101236149875653, 0.15644508853761685, 0.15395116568025616, 0.1502945665580531, 0.1486768285329971, 0.1451889715053969, 0.14338649851787422, 0.14232827856515845], "val_regression_loss": [1.850254573179095, 1.429151465718666, 1.269819005151813, 1.1225470183940416, 1.058727563097236, 1.04808815711, 0.9468024833483643, 0.9019800288958496, 0.8717276562800568, 0.8678700058312898, 0.8462190589543139, 0.8491738878943947, 0.7961324073290557, 0.8178127868456787, 0.7966500539123342, 0.7828129263741247, 0.8235950515176473, 0.7722571292954884, 0.7829679732912043, 0.7447472429007627, 0.7490024139707008, 0.744334234782819, 0.7614244918307561, 0.7552377286921726, 0.7516123649946759, 0.7563335504592135, 0.7417708518130056, 0.7613411246893111, 0.7407092956009875, 0.7510272863875614, 0.7454374337966523, 0.77521048795976, 0.7501679323195072, 0.7657225139522821, 0.7657432469089379, 0.7629674997055129, 0.7504472933458478, 0.7733119460806418, 0.8113348485713594, 0.7692260136095326, 0.773140865597832, 0.7724783738677421, 0.7727910555648, 0.772885784339369, 0.772345282807109, 0.7861878742160422, 0.7812461366646746, 0.7861405679684007, 0.7924437278442169, 0.8017577482910638], "val_classification_loss": [0.5643641843219821, 0.5589071073558893, 0.5088271001416645, 0.5089997919590286, 0.5933265727892351, 0.5380061690726977, 0.5071941868642743, 0.5969273801265138, 0.4518720835782169, 0.44521260119221184, 0.7032886318276438, 0.4663805548059806, 0.5803652214870024, 0.7562819427988502, 0.5906907531819986, 0.5454776040121411, 0.5358946002768666, 0.4389479738775264, 0.51765968985437, 0.5772555596875341, 0.5393825219420905, 0.7358560614873854, 0.622948182432839, 0.5643405031119839, 0.7978906635655446, 0.6498742024885135, 0.9468525668208518, 0.6930161339513371, 0.8400718171275063, 0.7854699439714464, 0.8405611925245671, 0.8012231738212403, 0.69934184539519, 0.9819616030776099, 0.9209524766447839, 0.8667474764116695, 1.1201193419735083, 1.1391372548395329, 0.9602857643968603, 1.2527465920769767, 1.545573547984777, 1.2906911900539078, 1.3741634601957342, 1.6573451140455986, 1.4303866112500094, 1.3873968927210636, 1.7090544572539543, 1.7225901096054677, 1.8004098416546757, 1.6539121698797419], "val_loss": [2.4146187479576366, 1.9880585804414213, 1.7786461034517609, 1.6315468147899328, 1.6520541414116205, 1.586094317476401, 1.453996666026919, 1.4989074090223633, 1.3235997447137082, 1.3130826052654996, 1.5495076936282468, 1.3155544447095207, 1.3764976319972049, 1.57409472813767, 1.3873408018203264, 1.3282905371671312, 1.3594896538873738, 1.2112051014150127, 1.3006276672475794, 1.322002799658293, 1.2883849381730799, 1.4801902891544814, 1.3843726726730219, 1.3195782310507271, 1.5495030240396435, 1.406207754705729, 1.6886234239915783, 1.4543572624077958, 1.5807811135656378, 1.5364972225735696, 1.5859986302557956, 1.576433654581563, 1.4495097837421331, 1.7476841140998882, 1.6866957274045837, 1.6297149792146146, 1.870566641346792, 1.9124491941393091, 1.7716206154796514, 2.0219726066910817, 2.318714414084895, 2.0631695647587938, 2.1469545123282443, 2.4302309018172576, 2.202731890959686, 2.1735847732993996, 2.4903005904026245, 2.5087306730532912, 2.5928535669037465, 2.455669915408231], "classification_loss": [0.6788199812173843, 0.4126321508652634, 0.34983474355604915, 0.31821657179130447, 0.2982357030113538, 0.2819448680513435, 0.26877927647696603, 0.261374344304204, 0.25225892253220084, 0.24314535471300283, 0.24018801872928938, 0.23116812412109639, 0.22346081876506407, 0.2171296556169788, 0.21119044847372506, 0.2068362617244323, 0.20178471244871615, 0.2003576629070772, 0.19036380058775346, 0.1801628334240781, 0.17372922899408472, 0.17048838030960825, 0.1662878596948253, 0.162717958767381, 0.160755717754364, 0.15589979864243003, 0.15302922344870037, 0.14776291184955173, 0.14520544960267015, 0.14197327128301065, 0.13714088510928882, 0.13206377676170733, 0.12880919018967285, 0.12622986717356577, 0.12162954154320889, 0.11975840530875656, 0.11457975510921743, 0.11052448727811376, 0.10825208997767832, 0.0994808186363015, 0.09567787493061689, 0.09356536112932695, 0.09053811942123705, 0.08791755895233816, 0.08503467966802418, 0.0827556343180024, 0.08058384496511685, 0.07891662005955974, 0.07608327835591303, 0.07368690227675768]}