{"loss": [4.810730522329157, 2.8948412375016646, 2.377145778049122, 2.4122156013141978, 2.385240446437489, 2.465497461232272, 2.501551400531422, 2.380175991491838, 2.499861554665999, 2.2285068468614058, 2.2070416645570234, 2.4365171627564863, 2.4237109422683716, 2.2601981704885308], "jaccard_coef_int": [0.6232660006393086, 0.7513296658342535, 0.790905394337394, 0.7809285575693304, 0.8008750948038968, 0.7849216461181641, 0.775822482325814, 0.7891367294571616, 0.7904086871580644, 0.8030703880570151, 0.8021900382908908, 0.7840152978897095, 0.7906398935751482, 0.8007024364037947], "binary_crossentropy": [0.6227514012293383, 0.720395798032934, 0.6362032781947743, 0.6740765950896523, 0.7206780477003618, 0.7411684204231609, 0.7958263700658624, 0.7902668795802377, 0.8654062693769281, 0.7392808957533403, 0.7293207780881361, 0.8832545497200706, 0.8999980959025297, 0.826928274198012], "val_binary_crossentropy": [3.9977126121520996, 5.134106159210205, 5.243365287780762, 5.357182502746582, 2.204895257949829, 2.4312663078308105, 2.3817431926727295, 2.3204479217529297, 2.3471293449401855, 3.1638193130493164, 3.317298650741577, 0.8638244271278381, 1.0015981197357178, 0.9035606384277344], "val_loss": [5.684281349182129, 6.696240425109863, 7.485276222229004, 10.12684154510498, 6.194850921630859, 7.1143107414245605, 6.927079200744629, 6.04191780090332, 7.774948596954346, 8.26963996887207, 8.128765106201172, 2.41998291015625, 3.532639980316162, 2.8076725006103516], "val_jaccard_coef_int": [0.6295312643051147, 0.5699502229690552, 0.5174472332000732, 0.3369312286376953, 0.6058034896850586, 0.505355179309845, 0.46401986479759216, 0.570452094078064, 0.44436758756637573, 0.35420066118240356, 0.4238743782043457, 0.7998772859573364, 0.7355661988258362, 0.7818472981452942]}