{"loss": [3.8689543682595957, 3.5805431915366133, 2.835485655328502, 2.3946139656979106, 2.208039685435917, 2.0444728887599446, 1.9748440747675688, 1.7861969859703728, 1.738797040089317, 1.699892264345418, 1.6003441084986147, 1.4814276202865269, 1.416287458461264, 1.3779083347838859, 1.3042771557103032, 1.2368839344252711, 1.171595704296361, 1.1498514983965002, 1.1303514993709067, 1.0157593281372734, 0.9931528516437697, 0.9456620203412097, 0.9281929601793704, 0.9300237233224122, 0.891264109507851, 0.8734380810157113, 0.8162119284920071, 0.8536559978257054, 0.7855753924535669, 0.7877551304257434, 0.791095112328944, 0.7508251394914545, 0.7553505055282427, 0.700259664784307, 0.7398532758588376, 0.6790492145911508, 0.7182457913523135, 0.7019838574139968, 0.6844206646732662, 0.6080083639725394, 0.6155020244743513, 0.6112355790708376, 0.5937112666990446, 0.571295709065769, 0.5906378749919974, 0.5377081684444261, 0.5672601649294728, 0.5630110690127248, 0.5451831354395203, 0.5227529296408528], "regression_loss": [2.739224724147631, 2.504726036735203, 2.2627486094184546, 2.0186468077742536, 1.8599497209424558, 1.714538952578669, 1.6571348179941592, 1.4902079468188079, 1.4596371961676555, 1.4252193116623422, 1.3451368821703868, 1.2452369746954546, 1.19166343756344, 1.1594153137310692, 1.0992898176545682, 1.0372483859891477, 0.9813088087931924, 0.9652266968851504, 0.9435830064441847, 0.8463037046401397, 0.8262320692124574, 0.7866690890944522, 0.772999890472578, 0.7726604484993479, 0.7379544351411902, 0.7216080997301184, 0.6701770502588024, 0.7083840279475503, 0.6473755331143088, 0.6488920664009841, 0.6532901655072751, 0.61936712200227, 0.6210640170004057, 0.5752374484487202, 0.6066802066305409, 0.5570446531409803, 0.5945268992496573, 0.5818345682776492, 0.5612738806268444, 0.4951730156722276, 0.4945666640996933, 0.49829058640677, 0.4801022688979688, 0.4589869716893072, 0.47995414908813394, 0.43154039298710617, 0.4557146038050237, 0.4555648649516313, 0.4358537018946979, 0.41984654995410337], "val_regression_loss": [2.5917154039655412, 2.322040387562343, 2.2396093947546825, 1.8720059054238456, 1.785399045263018, 1.7069699253354753, 1.5948012215750558, 1.5523276669638497, 1.4313994475773402, 1.5072903292519706, 1.4761314051491874, 1.3292147261755807, 1.4135523523603166, 1.2686256510870797, 1.3800994157791138, 1.2006370254925318, 1.2228212186268397, 1.2000683205468314, 1.1626976387841361, 1.041516661643982, 1.1278266906738281, 1.081812790461949, 1.055020374911172, 1.0945134588650294, 1.1389988660812378, 1.1251474363463265, 0.9642550264086042, 1.0342609626906258, 1.0412656920296806, 1.0937439884458269, 1.1000109910964966, 0.9751526628221784, 1.1668710027422224, 0.9601114051682609, 1.0916903955595834, 1.004945499556405, 1.0720998389380318, 1.0161280035972595, 0.9007847734860012, 1.0663939714431763, 1.0460189495767866, 1.0541854841368539, 1.0101523569652013, 1.1021094066756112, 0.8549500107765198, 1.1304734689848763, 0.9998329366956439, 1.05959187235151, 0.9053967935698373, 1.0004769648824419], "val_classification_loss": [1.1239472457340784, 0.9758498583521161, 0.5657643505505153, 0.538537050996508, 0.4305419453552791, 0.46209404298237394, 0.37162570442472187, 0.3952652854578836, 0.39041150893483845, 0.4608624449798039, 0.39519013677324566, 0.3909134694508144, 0.34610667398997713, 0.38355944412095205, 0.321125579731805, 0.37981281110218595, 0.38680657744407654, 0.4023365335805075, 0.5521664491721562, 0.42492597869464327, 0.3507335228579385, 0.4041812079293387, 0.39929515974862234, 0.421984185065542, 0.3321059303624289, 0.3860985679285867, 0.40025833887713297, 0.43339589663914274, 0.416411246572222, 0.441725811788014, 0.41144529836518423, 0.491876482963562, 0.3717484303883144, 0.4497864672115871, 0.38927100598812103, 0.4175563710076468, 0.5009950399398804, 0.4424225943429129, 0.5969938082354409, 0.4731917977333069, 0.4838595986366272, 0.4221038818359375, 0.4796610048839024, 0.5007368155888149, 0.4552314579486847, 0.4963402577808925, 0.5203591244561332, 0.5268468856811523, 0.452787914446422, 0.48204134617533], "val_loss": [3.7156626156398227, 3.2978902544294084, 2.8053737367902483, 2.4105429649353027, 2.2159409863608226, 2.1690639427730014, 1.9664269174848283, 1.9475929566792078, 1.8218109437397547, 1.9681527955191476, 1.871321541922433, 1.7201281956263952, 1.759659000805446, 1.652185082435608, 1.701224991253444, 1.580449836594718, 1.6096277747835432, 1.6024048328399658, 1.7148640496390206, 1.4664426360811507, 1.478560209274292, 1.4859940154211861, 1.4543155091149467, 1.5164976460593087, 1.4711047921861922, 1.5112460340772356, 1.364513363157, 1.4676568337849207, 1.4576769386019026, 1.53546975340162, 1.5114563192640031, 1.467029128755842, 1.5386194161006383, 1.4098978723798479, 1.4809614249638148, 1.4225018535341536, 1.5730948788779122, 1.4585506064551217, 1.4977785689490182, 1.539585760661534, 1.5298785311835152, 1.4762893915176392, 1.4898133618491036, 1.6028461967195784, 1.3101814985275269, 1.6268137352807182, 1.52019202709198, 1.5864387920924596, 1.3581846952438354, 1.4825182812554496], "classification_loss": [1.1297296415204587, 1.0758171327736066, 0.5727370504451834, 0.3759671585715335, 0.34808995509925095, 0.3299339423361032, 0.3177092567734096, 0.29598902554615686, 0.27915984910467395, 0.2746729572182116, 0.2552072266521661, 0.23619064688682556, 0.22462402089782382, 0.2184930142501126, 0.20498733497832133, 0.19963554260523422, 0.1902868995523971, 0.1846248034549796, 0.18676848644795624, 0.16945562414501025, 0.1669207842129728, 0.15899292395814604, 0.15519307213632957, 0.15736327093580496, 0.15330967631029047, 0.1518299838770991, 0.146034877423359, 0.1452719685824021, 0.13819986095894937, 0.13886306353885194, 0.13780494309637858, 0.13145801862296852, 0.1342864882038987, 0.1250222174693709, 0.1331730726296487, 0.12200456007343272, 0.12371889032099558, 0.12014928881240927, 0.12314678064506987, 0.11283534911015759, 0.120935356973306, 0.11294499557951222, 0.11360899699123009, 0.11230874110175215, 0.11068372574189435, 0.10616777893965659, 0.11154556501170863, 0.10744620867721412, 0.10932943556943665, 0.10290637636638206]}