{"loss": [3.5526823531026426, 2.2987492628719495, 1.8907658120860225, 1.725238851878954, 1.5396469455698263, 1.4031822279743527, 1.3037320660508198, 1.2515600712403008, 1.1856753204179846, 1.105102777481079, 1.0013156585071399, 0.9591030076794003, 0.9082289143748905, 0.8228452723959218, 0.7860219076923702, 0.7607031691333522, 0.6918941353974135, 0.7108390661685363, 0.7918665959783222, 0.4824434395717538, 0.43777471165294235, 0.3854748208237731, 0.3421395009626513, 0.33648858737686405, 0.3571978055912515, 0.3386379389659218, 0.31400200271088147, 0.28232506273881247, 0.2946680097476296, 0.26539754737978394, 0.2795641219810299, 0.2827250640029493, 0.309009940403959, 0.25449052647404047, 0.24439188416885294, 0.2327878535117792, 0.24915000796318054, 0.2506558674833049, 0.22557677911675494, 0.17790791457114014, 0.14293689863837283, 0.13226116270474766, 0.11360464172194833, 0.11136778444051743, 0.10278268458078736, 0.0999827317731536, 0.10697237928600414, 0.0892961698219828, 0.09114959422984849, 0.09368169323905655, 0.08975865003531394, 0.10916947014629841, 0.09034478097506192, 0.08670716927103374, 0.10190778727764668, 0.08811175232024296, 0.07868768991497548, 0.07545372819447, 0.07960332800512729, 0.06263539186962273, 0.049492096406934055, 0.041943030229405216, 0.042439190265925034, 0.038290078225343124, 0.036726153212720936, 0.03988575566883968, 0.034349026644359466, 0.034741189695246845, 0.03205796442521007, 0.03520271676066129, 0.033290314245159214, 0.03215566174248639, 0.03182145034003517, 0.03117290969290163, 0.03260322615666234], "regression_loss": [2.5241300645081894, 1.936856852925342, 1.6171870775844739, 1.4776242401288904, 1.3223385901554772, 1.2101946874805118, 1.1247297344000444, 1.0612726392953291, 1.028011091377424, 0.9599847560343535, 0.8616958105045817, 0.8165668793346571, 0.7966706208560778, 0.7123980846094049, 0.6733837581199148, 0.6718635759923769, 0.6127431321403255, 0.6311377254517182, 0.6730706166961918, 0.4206097177837206, 0.3825725579391355, 0.34535775236461475, 0.29905797897473624, 0.30536977736198384, 0.3215086673912795, 0.307302196064721, 0.2830616980791092, 0.2580594261703284, 0.27058082624622015, 0.24310636002084482, 0.25591396248858905, 0.2597723457476367, 0.2890327744509863, 0.2387191157626069, 0.22632623075143152, 0.21620863902827966, 0.23119034796305324, 0.2331709681969622, 0.21130275046047958, 0.16545224724256474, 0.133951214749528, 0.1239798553287983, 0.10536215365256953, 0.1044111766083085, 0.09589341331435286, 0.09322663396596909, 0.10011347172700841, 0.08374501505623692, 0.0857130823575932, 0.08804802604667518, 0.0838804766535759, 0.10401133447885513, 0.0856787589095209, 0.08216867636403312, 0.09767058596986791, 0.08386685156627842, 0.07483939227202664, 0.07135296864030154, 0.07608287797673889, 0.05939201046915158, 0.046581799933767834, 0.03934681330524061, 0.04008032835048178, 0.035940692719558014, 0.03461020605881577, 0.037611683385203716, 0.0322300509914108, 0.032657032204872885, 0.030260708405757727, 0.03297607776830378, 0.03127712357546324, 0.03041892476460856, 0.029967240746254505, 0.029507949280188135, 0.030858046314476625], "val_regression_loss": [2.148044535091945, 2.083997539111546, 1.6751709835869926, 1.3759040662220545, 1.2090646369116647, 1.4692013774599348, 1.2787280763898576, 1.1571675198418754, 1.2053931100027901, 1.104528852871486, 1.048147772039686, 1.1628864407539368, 0.9607053313936506, 1.0725688423429216, 0.9030868751662118, 1.0747879999024528, 1.0746552859033858, 0.9061602098601205, 0.9581459164619446, 0.7270971025739398, 0.946148761681148, 0.8741224578448704, 0.8752042651176453, 0.9356975385120937, 0.9675634758813041, 0.892040593283517, 0.9328188725880214, 0.865852347442082, 0.8533244899341038, 1.0469882658549718, 0.7545816642897469, 1.160946318081447, 0.9218877043042865, 0.9182905384472438, 0.8946456824030194, 0.8451345179762159, 0.8503785388810294, 0.9426535878862653, 0.996602441583361, 1.032216455255236, 0.6193531155586243, 1.0240232944488525, 0.8490446167332786, 0.8222924556050982, 0.9055169139589582, 0.767537636416299, 1.0043984055519104, 0.9416483981268746, 0.7353140541485378, 0.8696549790246146, 0.8793081428323474, 0.9071331194468907, 0.9906881025859288, 0.7163194758551461, 1.02341913325446, 0.760678402015141, 0.9058283141681126, 0.8208656992231097, 0.8245057123047965, 0.9443713682038444, 0.9690652234213692, 0.7656624104295459, 0.9856504712785993, 0.9136094961847577, 0.7972786511693682, 0.9127839633396694, 0.9596617647579738, 0.8626064828463963, 0.7964111396244594, 0.8299528786114284, 0.9042875511305672, 0.8918018170765468, 0.8377478633608136, 0.8617006029401507, 1.0203491364206587], "val_classification_loss": [1.298533354486738, 0.477945727961404, 0.3052498059613364, 0.43397094522203716, 0.42612055369785856, 0.35199248790740967, 0.579319783619472, 1.298822398696627, 0.4579558117049081, 0.5838969988482339, 0.43284485169819426, 0.5038524525506156, 0.5379059570176261, 0.5711356614317212, 0.5184910893440247, 1.0106772950717382, 0.9605655116694314, 0.9003832467964717, 1.2912850039345878, 0.8672710955142975, 1.0132071929318565, 1.2412630575043815, 1.344786388533456, 1.5627047419548035, 2.1037319813455855, 1.6646942836897713, 1.806232486452375, 1.688966052872794, 1.926524588039943, 2.085837049143655, 1.6007533414023263, 1.5603219355855669, 3.035276310784476, 2.9659440517425537, 2.2708785704204013, 2.776928578104292, 2.9997934443610057, 2.7388815709522794, 2.8573729481015886, 3.4446925946644376, 3.0325689826692854, 3.543938994407654, 3.582430737359183, 3.703586288860866, 3.3223137855529785, 4.096413646425519, 3.7540673868996755, 4.0141094241823465, 3.28901355607169, 3.7652623994009837, 3.2808542592184886, 4.079076937266758, 3.798478535243443, 3.0820179666791643, 5.668987342289516, 4.3279189722878595, 5.001469680241176, 4.419968230383737, 5.410965033939907, 5.131679534912109, 5.457533359527588, 4.784406321389334, 5.614610433578491, 5.2779416016169955, 4.695511341094971, 5.655358791351318, 6.144647836685181, 5.20832143511091, 5.962663446153913, 5.280170134135655, 5.519877570016043, 5.060254165104458, 6.275739771979196, 5.522445951189313, 5.841033731188093], "val_loss": [3.446577889578683, 2.5619432585580006, 1.9804208278656006, 1.8098749773842948, 1.6351851906095232, 1.821193882397243, 1.8580478770392281, 2.4559899227959767, 1.6633488961628504, 1.688425830432347, 1.4809926067079817, 1.6667388847896032, 1.498611296926226, 1.6437045335769653, 1.421577947480338, 2.0854653290339877, 2.035220776285444, 1.8065434353692191, 2.2494308948516846, 1.594368236405509, 1.9593559673854284, 2.115385498319353, 2.2199905940464566, 2.498402237892151, 3.0712954657418385, 2.5567349195480347, 2.7390513760702953, 2.5548184599195207, 2.779849103518895, 3.1328253405434743, 2.355334997177124, 2.721268262181963, 3.9571640150887624, 3.884234598704747, 3.1655242443084717, 3.622063159942627, 3.8501718725476946, 3.68153520992824, 3.8539755003792897, 4.476909092494419, 3.6519220897129605, 4.567962237766811, 4.431475434984479, 4.525878667831421, 4.227830682482038, 4.86395127432687, 4.7584658690861295, 4.955757754189627, 4.0243275846753805, 4.6349173613957, 4.160162380763462, 4.986210073743548, 4.7891665526798795, 3.798337391444615, 6.692406449999128, 5.088597365788051, 5.907297985894339, 5.240833793367658, 6.235470703669956, 6.076050826481411, 6.4265987532479425, 5.550068650926862, 6.6002608026777, 6.1915512425558905, 5.492790017809186, 6.568142788750785, 7.1043097632271905, 6.070927994591849, 6.759074551718576, 6.110123021262033, 6.42416524887085, 5.9520560673304965, 7.113487550190517, 6.384146690368652, 6.861382893153599],