{"loss": [7.038354726938101, 4.22028242624723, 3.265367728013259, 3.032705472065852, 2.588703834093534, 2.390947176859929, 2.0405091597483707, 2.1145999339910655, 1.9339517996861384, 1.9690157908659716, 1.69286559178279, 1.5923509230980506, 1.5988112504665668, 1.5485697434498713, 1.385539329968966, 1.461522129865793, 1.454231702364408, 1.3390262493720422, 1.3032374473718495, 1.3803112048369188, 1.2868905342542207, 1.2406596862352812, 1.2143420347800622, 1.309756352351262, 1.2745795891835139, 1.2273942874028132, 1.1768809923758874, 1.2042827239403358, 1.2343998688917894, 1.160783520111671, 1.1682553612268889, 1.136255172582773, 1.0460920012914217, 1.0782687480633075, 1.0638929834732642, 1.0654704845868623, 1.04286135160006, 0.9895017513862023, 1.0330666853831365, 1.0843047270408044, 0.9834762949209946, 1.1146651277175317, 0.9640923050733713, 0.9642043801454397, 1.0074629829480097], "jaccard_coef_int": [0.17426989399469817, 0.33823908750827497, 0.47865925614650434, 0.650776899777926, 0.6847991209763747, 0.7115542842791631, 0.7784676918616662, 0.707562309045058, 0.7286812594303718, 0.723704069852829, 0.7324412189997159, 0.7715600041242746, 0.7723520260590774, 0.744105733357943, 0.7544673039362981, 0.7808248194364401, 0.7555350982225858, 0.8040595971621, 0.8347798035695002, 0.7623883348244888, 0.8200933841558603, 0.807183352800516, 0.8307341291354253, 0.8159962617433988, 0.7812998042656825, 0.8382406463989844, 0.8362271189689636, 0.8031693330177894, 0.8479272998296298, 0.8435099262457627, 0.88025740476755, 0.8572759078099177, 0.8614471096258897, 0.8557388048905593, 0.8919481130746695, 0.8612113090661856, 0.8866816529860864, 0.9095954482371991, 0.8937508509709284, 0.8499867365910456, 0.861184298992157, 0.8269088497528663, 0.9155286550521851, 0.9109128438509427, 0.8811399707427392], "binary_crossentropy": [0.9993931972063504, 1.1328553328147302, 0.7614770852602445, 0.7093104536716754, 0.5623756096913264, 0.4760589301586151, 0.36867767572402954, 0.3437463205594283, 0.28541420514766985, 0.31096455913323623, 0.2390704109118535, 0.22293000267102167, 0.20697948221976942, 0.19803365377279428, 0.19306354224681854, 0.2056053298024031, 0.18800763671214765, 0.17828923234572777, 0.15655047904986602, 0.18821223080158234, 0.17182486275067696, 0.15307838813616678, 0.13961759782754457, 0.15029456982245812, 0.16813008601848894, 0.13285369311387724, 0.13406301920230573, 0.14320132422905701, 0.1304219548518841, 0.11060217022895813, 0.10734593467070506, 0.11526667269376609, 0.1042213703577335, 0.1093413640673344, 0.09457615132515247, 0.09492815343233255, 0.08604024121394524, 0.08607255352231172, 0.0948248219031554, 0.10565433708521035, 0.09207304968283726, 0.08996397199539038, 0.08210551681426856, 0.07634786974925262, 0.09250124429280941], "val_binary_crossentropy": [4.044716835021973, 5.207842826843262, 0.8371749520301819, 1.4026917219161987, 1.3975656032562256, 1.3274611830711365, 1.276872158050537, 0.34096188843250275, 2.524104118347168, 2.4398882389068604, 0.5644492506980896, 0.3809530884027481, 0.4695272445678711, 0.2913241684436798, 0.8633525371551514, 0.2703345939517021, 1.551015853881836, 0.43189720809459686, 0.7853232026100159, 0.5718609988689423, 0.35188430547714233, 0.4931199848651886, 0.3625370264053345, 0.38933126628398895, 0.2898940443992615, 0.20314433425664902, 0.14958234131336212, 0.22068357467651367, 0.22070841491222382, 0.41326765716075897, 0.2280007004737854, 0.21866849064826965, 0.20232921838760376, 0.2600018233060837, 0.1342003010213375, 0.1834811419248581, 0.17026212811470032, 0.1556611843407154, 0.12147046625614166, 0.1283610798418522, 0.16454148292541504, 0.15983997285366058, 0.1260129138827324, 0.1645222343504429, 0.14338942617177963], "val_loss": [6.389699935913086, 8.153390407562256, 2.007405400276184, 3.495683431625366, 2.995985984802246, 2.8960766792297363, 2.9410842657089233, 1.514638364315033, 4.337207794189453, 4.397562265396118, 1.6413978338241577, 1.7362186908721924, 1.4230095148086548, 1.5642861127853394, 2.176721453666687, 1.5065351128578186, 3.2706795930862427, 1.7053909301757812, 1.8795299530029297, 1.445872724056244, 1.5088053941726685, 1.391032099723816, 1.614131510257721, 1.5718953609466553, 1.1225665807724, 1.229578971862793, 1.060412585735321, 1.1901500821113586, 1.297405183315277, 1.4005387425422668, 1.166300654411316, 0.9941255152225494, 1.0278085470199585, 0.9864408671855927, 0.9835073351860046, 1.1018139123916626, 1.170063316822052, 0.9421519637107849, 1.3306058645248413, 1.212904155254364, 1.2377554178237915, 1.030032753944397, 1.3671218156814575, 1.059776484966278, 1.1108425855636597], "val_jaccard_coef_int": [0.2064003273844719, 0.17456058412790298, 0.7526519000530243, 0.3384879529476166, 0.5065614581108093, 0.4490009993314743, 0.47363926470279694, 0.7177221179008484, 0.26125311851501465, 0.2964264303445816, 0.642063319683075, 0.7566063404083252, 0.7818478345870972, 0.5414918512105942, 0.3911251723766327, 0.7554599344730377, 0.33442680537700653, 0.8323448896408081, 0.7759986519813538, 0.7447218000888824, 0.8108395934104919, 0.7611001133918762, 0.6220467984676361, 0.8415790498256683, 0.7889301180839539, 0.8337157964706421, 0.8098777532577515, 0.8358415365219116, 0.842928946018219, 0.854067325592041, 0.8451037704944611, 0.8633922636508942, 0.8637843728065491, 0.8298706412315369, 0.8480320572853088, 0.8670295178890228, 0.8658113777637482, 0.8796079754829407, 0.8749161064624786, 0.8678876459598541, 0.8786369860172272, 0.8516550064086914, 0.8622660636901855, 0.8413030803203583, 0.847571611404419]}