{"loss": [3.6059295692443847, 3.124003231048584, 2.8725091495513917, 2.597439878463745, 2.366114171028137, 2.154568823814392, 1.9380686025619507, 1.7405267734527587, 1.6636278991699218, 1.5229145221710205, 1.421186450958252, 1.3982004389762879, 1.302403256893158, 1.2157085204124451, 1.1581273922920228, 1.138191569328308, 1.0668157477378846, 0.9688374619483948, 0.94881724858284, 0.7496627032756805, 0.6601767306327819], "regression_loss": [2.5135573205947876, 2.3965206260681153, 2.2863963298797607, 2.116135640144348, 1.9255012550354005, 1.7440497889518738, 1.5599579827785492, 1.3738961215019225, 1.2950777750015259, 1.1816895849704743, 1.1026147499084473, 1.0870560371875764, 1.0099993586540221, 0.938349851846695, 0.8985143074989319, 0.8850284842252731, 0.8262223082780839, 0.7462895805835724, 0.7312655222415924, 0.5583623337745667, 0.48246943747997284], "val_regression_loss": [2.5434406201044717, 2.397456188996633, 2.428064485390981, 2.3542404572168985, 2.215275228023529, 2.3088189562161765, 2.2197394371032715, 2.1325245102246604, 2.150935113430023, 2.1219170093536377, 2.1455836594104767, 2.1427230735619864, 2.1770768761634827, 2.0870535373687744, 2.1256114741166434, 2.13526114821434, 2.0756563941637673, 2.1651144921779633, 1.9961407482624054, 2.078670064608256, 2.076574901739756], "val_classification_loss": [0.7983534435431162, 0.5692255695660909, 0.5569618716835976, 0.6389366338650385, 0.5290699054797491, 0.5411215623219808, 0.5248421678940455, 0.5426186124483744, 0.5613270675142606, 0.5385642548402151, 0.5042814711729685, 0.5742268438140551, 0.5338801816105843, 0.5073943932851156, 0.5235045701265335, 0.484844150642554, 0.4972613528370857, 0.5380137637257576, 0.5178202390670776, 0.5086256513992945, 0.5175909399986267], "val_loss": [3.341794033845266, 2.9666817585627236, 2.9850263794263205, 2.993177076180776, 2.7443450887997947, 2.8499404986699424, 2.7445815801620483, 2.675143132607142, 2.712262233098348, 2.660481254259745, 2.6498651107152305, 2.7169499595959983, 2.7109570503234863, 2.59444789091746, 2.649116039276123, 2.6201053261756897, 2.57291770974795, 2.7031282782554626, 2.5139609773953757, 2.587295780579249, 2.594165841738383], "classification_loss": [1.0923722462654113, 0.727482608795166, 0.5861128268241882, 0.48130423545837403, 0.4406129207611084, 0.4105190417766571, 0.3781106196641922, 0.3666306537389755, 0.368550121307373, 0.3412249412536621, 0.31857170116901395, 0.31114440286159517, 0.2924038952589035, 0.2773586599826813, 0.2596130881309509, 0.253163081407547, 0.24059343826770782, 0.22254788160324096, 0.21755173140764236, 0.19130036705732345, 0.17770729404687882]}