{"loss": [3.679801954269409, 3.354731798171997, 3.1929038276672363, 3.0831392860412596, 3.0312783336639404, 2.929828514099121, 2.772940498352051, 2.6897485733032225, 2.6065177097320555, 2.581146691322327, 2.506743049621582, 2.5005636348724365, 2.417184881210327, 2.392615611076355, 2.3038172788619997, 2.341879276275635, 2.2888347864151, 2.157801055908203, 2.2978819189071653, 2.0750270919799805, 2.0717491521835325, 2.1027282514572145, 2.088017478942871, 2.0360918030738833, 2.1240687627792356, 1.9673132610321045, 1.9270922889709472, 1.9141611108779908, 1.9870578870773314, 1.9385903940200806, 1.9547801542282104, 1.8990382661819458, 1.904964762687683, 1.90614764213562, 1.8706162462234497, 1.8321610326766968, 1.8723217172622681, 1.8691183395385742, 1.8537947130203247, 1.8274846706390382, 1.8078674345016479, 1.7535604701042176, 1.7064329776763916, 1.764730661392212, 1.7295316004753112, 1.6659696078300477, 1.7475524816513062, 1.735128583908081, 1.6781237893104552, 1.779926067352295, 1.7297504458427428, 1.6962713446617126, 1.7547093377113343, 1.7071026244163514, 1.6894981007575989, 1.6506214332580567, 1.6821316475868224, 1.730017116546631, 1.7159397354125976, 1.6391204433441162, 1.6366865010261535, 1.6692955112457275, 1.6741556758880616, 1.6628331594467163, 1.675525107383728, 1.62619700050354, 1.647460816860199, 1.6853892416954042, 1.6321165757179261, 1.6237769689559935, 1.5813639187812805, 1.6248969960212707, 1.5940263204574585, 1.6500575132369995, 1.6752849578857423, 1.573649854183197, 1.649676564693451, 1.6347891817092894, 1.6087783212661744, 1.6295519008636474, 1.5805780696868896, 1.5614624257087708, 1.577552949666977, 1.5750177783966064, 1.529616389274597, 1.5617446384429932, 1.583869704723358, 1.5688688459396363, 1.5354661040306092, 1.578901524066925, 1.5360789284706116, 1.5691462621688843, 1.5816287751197815, 1.5671621780395508, 1.5432650537490844, 1.5654093389511108, 1.5898514928817749, 1.5437670521736144, 1.5379916863441467, 1.4803430411815643], "regression_loss": [2.582536195755005, 2.4697467126846315, 2.4719244766235353, 2.482075749397278, 2.4660578660964965, 2.3622309913635253, 2.272732846260071, 2.201530785560608, 2.120108006477356, 2.062523977279663, 2.0325925550460817, 2.014530848503113, 1.9660042972564697, 1.961892378807068, 1.8923280401229858, 1.8965346927642823, 1.875226333618164, 1.7726026992797852, 1.886091570854187, 1.7256618390083314, 1.7132991580963135, 1.7455394649505616, 1.6758315124511718, 1.665388918876648, 1.722988085269928, 1.6454626083374024, 1.596562949180603, 1.5776487131118775, 1.630167610168457, 1.6025998468399048, 1.6156720895767211, 1.5766341009140015, 1.5725584602355958, 1.5771195330619812, 1.544564118385315, 1.5168725929260254, 1.559248547554016, 1.5618144664764404, 1.497288321495056, 1.5192988209724427, 1.5003731055259704, 1.4588919248580932, 1.4081267142295837, 1.4341805272102357, 1.4528860559463501, 1.3689698133468629, 1.4546084215641022, 1.4415489897727967, 1.4033059892654418, 1.4796512155532837, 1.4304375247955323, 1.4023121337890625, 1.4576079349517823, 1.4303050525188445, 1.389154086112976, 1.3789392762184143, 1.4086100759506226, 1.433452926158905, 1.426818869113922, 1.3600687155723572, 1.3488116073608398, 1.3807805881500244, 1.3680322470664978, 1.375105050086975, 1.3833526501655578, 1.3393047981262207, 1.3267439045906066, 1.3885516319274902, 1.3636064531803131, 1.347094126701355, 1.3159367878437043, 1.3573642380237578, 1.3060402578115464, 1.3303166537284852, 1.3902852177619933, 1.302505530834198, 1.3547895545959472, 1.3589834938049317, 1.3319838585853576, 1.361826196193695, 1.302051369190216, 1.293883196592331, 1.3086751979589462, 1.293942569732666, 1.274560977458954, 1.2938250117301942, 1.306536738872528, 1.2956180710792542, 1.2668207955360413, 1.2972633533477784, 1.2723450617790222, 1.2989761276245118, 1.3141648511886597, 1.3008017725944518, 1.2872260501384736, 1.3102763504981996, 1.3142257661819459, 1.2850004100799561, 1.2674910209178925, 1.2218925321102143], "val_regression_loss": [2.2468941609064736, 2.750876267751058, 2.158877432346344, 2.3953107595443726, 2.3690661787986755, 2.2245183885097504, 2.143463909626007, 1.8966231246789296, 2.4197815358638763, 1.9174646139144897, 2.0522719025611877, 2.177141845226288, 2.029742161432902, 2.134191185235977, 2.2852059602737427, 2.0038503209749856, 1.9401007890701294, 2.1478646794954934, 1.854971597592036, 1.8209211627642314, 1.8507623672485352, 1.9005061984062195, 1.8494105835755665, 1.7309071222941081, 1.9612853427728016, 1.9074948231379192, 1.9613523483276367, 2.001841962337494, 1.9832879900932312, 1.9672874907652538, 1.8391040166219075, 1.846789389848709, 1.859637012084325, 2.0040407677491507, 2.1871137619018555, 1.519203354914983, 2.108553866545359, 1.944043904542923, 1.93136332432429, 1.8393529156843822, 1.7340868214766185, 1.8214167257150014, 1.9745352069536846, 1.8396577934424083, 1.9558935860792797, 1.8895713488260906, 1.841845989227295, 1.8425642947355907, 2.075974921385447, 1.9554238816102345, 2.0683323442935944, 1.8125184575716655, 1.7839597562948863, 1.8823882043361664, 1.92520867784818, 1.966988205909729, 1.8568806946277618, 2.0015484988689423, 1.5247406661510468, 2.035361955563227, 1.885629008213679, 1.981221874554952, 1.9078936874866486, 1.747866729895274, 1.962688942750295, 1.9219695329666138, 1.8709540963172913, 2.0199518899122872, 1.9486115872859955, 1.674845387538274, 2.1006914178530374, 1.9344923198223114, 1.9499993324279785, 1.7149192094802856, 1.7932890057563782, 1.8275981148084004, 1.9195355375607808, 1.9879590272903442, 1.7853724857171376, 1.9067579805850983, 1.6899584730466206, 1.8299864331881206, 1.924145668745041, 1.888425846894582, 1.73229776819547, 1.5317474206288655, 2.0077090859413147, 1.6862735549608867, 1.8358601927757263, 1.595409909884135, 1.9959554572900136, 1.7347418864568074, 1.9306444823741913, 1.8767134348551433, 1.7495144605636597, 2.058748960494995, 1.651776909828186, 1.8603904942671459, 1.9316898187001545, 1.778968592484792], "val_classification_loss": [3.013123239080111, 4.76219775279363, 3.1255895545085273, 4.792517011364301, 1.4252760012944539, 2.025384269654751, 2.226946771144867, 1.7257881164550781, 0.9867559149861336, 2.9133551865816116, 1.5786752502123516, 2.7180617650349936, 2.104835373659929, 2.4598285034298897, 4.050219689806302, 1.6874368290106456, 2.6747626115878425, 0.9901131018996239, 0.5601626709103584, 4.326885610818863, 1.5108098238706589, 1.844122310479482, 1.6226131618022919, 1.8674944813052814, 0.6232074151436487, 3.301645611723264, 2.229437162478765, 1.2093835771083832, 1.7727726524074872, 2.610334627330303, 2.1263567507267, 1.7111189862092335, 2.518038456638654, 1.907971017062664, 1.0179694965481758, 2.268323098619779, 1.0920420611898105, 3.681419779857, 1.2573752055565517, 1.5546116133530934, 4.19625220199426, 0.6263241345683733, 3.2664704844355583, 1.9073433876037598, 2.4130196074644723, 1.6078176125884056, 5.169268538554509, 2.2136362393697104, 2.7146122554937997, 1.8434970279534657, 1.038499395052592, 2.28396800160408, 4.578930323322614, 1.6254317313432693, 2.0875612447659173, 2.234143709143003, 1.965711424748103, 3.2998892615238824, 4.018683890501658, 2.061209743221601, 1.8372578869263332, 2.090730714301268, 3.784078391889731, 1.226179336508115, 2.4360295087099075, 1.4053844983379047, 1.8032338147362073, 2.5410481293996177, 0.6496358389655749, 3.0915270994106927, 2.7795689925551414, 2.0034453148643174, 2.3822134311000505, 1.4044140378634136, 3.015464867154757, 2.2453950295845666, 2.6347374096512794, 2.576808628936609, 1.8173750564455986, 2.336640680829684, 1.8006350100040436, 2.569098668793837, 2.3357413609822593, 1.9850301494201024, 2.0764515350262323, 2.6424822782476745, 1.1069301515817642, 2.774183747669061, 1.9637523641188939, 2.8654577309886613, 2.2192990531524024, 2.2619976873199144, 2.4388657609621682, 2.3991603776812553, 3.1311933770775795, 1.2929796526829402, 2.700163890918096, 2.113976091146469, 2.4523811067144075, 3.3610704839229584],