{"loss": [3.552992971897125, 3.2295311908721924, 2.8788362064361572, 2.6572417869567873, 2.4032649250030516, 2.163751250267029, 1.980027536869049, 1.800123258113861, 1.633909301519394, 1.5114226396083832, 1.4049764671325684, 1.3787558383345604, 1.2790357475727796, 1.2099468124359847, 1.1819246321041137, 1.1373064691873733, 1.06844335257099, 0.9987968939790735, 1.0018486997881046, 0.8065701837804845, 0.6899547405592875, 0.6565245957239968, 0.5960021446690634, 0.5820256310636523, 0.58980437540181, 0.5519516530817254, 0.5471477808665505, 0.5190945744067972, 0.5286072993834464, 0.5174722908746712, 0.4911636137690034, 0.4695122668599042, 0.4643502548776696, 0.4629729340684694, 0.4459769411430809, 0.4333350162774575, 0.43124801232203525, 0.43892639175898424, 0.4022766754827885, 0.32342795991712137], "regression_loss": [2.4517741355895994, 2.367528833389282, 2.2346456336975096, 2.13950886631012, 1.9368412466049194, 1.764548867225647, 1.5972360906600953, 1.4307905411720276, 1.2922266054153442, 1.1830326085090637, 1.0943441786766053, 1.0797894158363341, 1.0007707691192627, 0.9475967271327972, 0.9106715393066406, 0.8920684695243836, 0.8355434758663177, 0.7834989523887634, 0.7945757176876068, 0.6269075675010681, 0.5292545706033707, 0.5012862080335617, 0.45349470430612565, 0.44584133064746856, 0.4549040536880493, 0.4280989969968796, 0.4221223945617676, 0.3951979627013206, 0.4095803077220917, 0.405062175989151, 0.3815766868591309, 0.36189465391635894, 0.36173448026180266, 0.35761668741703034, 0.3475273285508156, 0.3396007956266403, 0.33709771978855135, 0.3480457676053047, 0.31601100116968156, 0.24568250286579132], "val_regression_loss": [2.458043873310089, 2.3909783959388733, 2.139739672342936, 2.165134310722351, 2.207827091217041, 2.2053134441375732, 2.2779493033885956, 2.1242855489254, 2.423719505469004, 2.1017150978247323, 2.200585514307022, 2.3173654278119407, 1.9287400543689728, 2.257100502649943, 1.9454419612884521, 2.1003214518229165, 2.291470011075338, 2.0561167697111764, 2.0280734499295554, 1.8633198042710621, 2.286768058935801, 2.2124127944310508, 2.2464938362439475, 2.2638187408447266, 2.150281091531118, 1.977766901254654, 2.586875398953756, 1.9747697512308757, 2.1691533029079437, 1.9049399495124817, 2.606137275695801, 1.7528207302093506, 2.216861138741175, 2.259672462940216, 2.1321271558602652, 1.9928061564763386, 2.2861625055472055, 1.9378130237261455, 2.298206071058909, 2.2968849738438926], "val_classification_loss": [1.0477633376916249, 1.7592454850673676, 1.5473583588997524, 1.0891342610120773, 1.5945928047100704, 0.8156623219450315, 1.8853515982627869, 0.8095216304063797, 0.7548987865447998, 1.9459784403443336, 1.4315237750609715, 1.447875661154588, 1.875518833597501, 2.1413147300481796, 1.4261689881483715, 2.0171836440761886, 2.3517866084973016, 1.3935889502366383, 1.5698640669385593, 2.1985390335321426, 2.050390894214312, 2.7642170091470084, 2.9002091412742934, 3.1329950342575708, 2.0407050202290216, 2.522756040096283, 2.432965333263079, 2.53634246190389, 2.7933947990338006, 2.97725768138965, 3.493478146692117, 3.074236805240313, 2.6809126337369285, 3.253851110736529, 3.7238754332065582, 3.408178115884463, 2.1681926300128302, 4.820030301809311, 3.4221655378739038, 4.537349800268809], "val_loss": [3.505807230869929, 4.150223910808563, 3.6870980262756348, 3.2542685667673745, 3.80241992076238, 3.0209757685661316, 4.16330087184906, 2.933807154496511, 3.1786182721455893, 4.047693560520808, 3.632109304269155, 3.7652410864830017, 3.80425892273585, 4.398415187994639, 3.371610939502716, 4.117505073547363, 4.643256604671478, 3.44970573981603, 3.59793750445048, 4.061858852704366, 4.337158918380737, 4.976629674434662, 5.146703024705251, 5.396813849608104, 4.190986136595408, 4.500522991021474, 5.019840677579244, 4.511112252871196, 4.962548116842906, 4.882197598616282, 6.099615514278412, 4.8270575404167175, 4.897773802280426, 5.513523658116658, 5.856002569198608, 5.400984187920888, 4.4543551206588745, 6.757843355337779, 5.720371663570404, 6.834234813849132], "classification_loss": [1.1012188382148742, 0.8620023539066315, 0.6441905679702759, 0.5177329349517822, 0.4664236721992493, 0.3992023882865906, 0.3827914460897446, 0.3693327114582062, 0.3416826996803284, 0.32839002907276155, 0.31063228607177734, 0.2989664281010628, 0.2782649789303541, 0.2623500882834196, 0.27125309422798455, 0.24523800407373347, 0.23289987712190485, 0.21529793872928712, 0.20727297691489366, 0.17966261377602133, 0.1607001712076144, 0.15523838637913287, 0.14250744158483303, 0.13618429934330015, 0.1349003219521792, 0.12385265617425284, 0.12502538511268996, 0.12389661200349975, 0.1190269915123431, 0.11241011458749699, 0.1095869244660821, 0.1076176104401502, 0.10261577491389016, 0.1053562469792646, 0.09844961259226534, 0.09373422047200325, 0.09415029244407697, 0.09088062516695845, 0.08626567522207779, 0.07774545675330682]}