{"loss": [3.007194258093834, 2.7034294986873864, 2.7228460814990103, 2.8211326515218245, 2.7163646496688014, 2.5247284720637837, 2.6608652281564718, 2.6737607389794285, 2.6640122233351358, 2.6210007980316297, 2.6425718166971928, 2.456065417071786, 2.5841971835692137, 2.4799751166807984, 2.4968739825637805, 2.410973434543511, 2.449768816064583, 2.3438966831713266, 2.2943200954803906, 2.1452174666698967, 2.1109591673733092, 1.9952820538104352, 1.831478266114531, 1.8264102580265298, 1.8809373485773577, 1.7489148878835878, 1.806870459883382, 1.7726225543389842, 1.6441577682927568, 1.7854781170315146, 1.7488257365553725, 1.6363525382591169, 1.723886412368253, 1.7655928147597373, 1.7220553499563975, 1.5983652482621264, 1.6141133414588056, 1.6216622194644479, 1.638909410587091, 1.6309667868352484], "regression_loss": [1.6075171327590942, 1.6482160964012147, 1.6665287923812866, 1.746711166381836, 1.6917801518440247, 1.5428155250549316, 1.648466155052185, 1.6255675172805786, 1.6370497531890869, 1.6233832445144654, 1.602229133605957, 1.4705630674362182, 1.4718214321136474, 1.4097605381011964, 1.4799065537452698, 1.3907681212425231, 1.4147110362052917, 1.3633796615600586, 1.3967875108718872, 1.2903272862434387, 1.2717558279037475, 1.2921816439628602, 1.1413782606124878, 1.1811760234832764, 1.2345488896369934, 1.09400137090683, 1.1704666986465455, 1.1082176250219344, 1.0572949934005738, 1.1619185647964478, 1.1130476670265197, 1.0543869366645813, 1.1204252095222473, 1.1538591079711915, 1.1564927206039428, 1.0619457874298095, 1.0668770740032196, 1.106832515001297, 1.0942832176685333, 1.0788328871726989], "val_regression_loss": [0.48747026920318604, 0.9310963352521261, 0.5780059297879537, 0.7913826902707418, 0.2847077151139577, 0.46129342913627625, 0.8242978851000468, 0.7269903719425201, 0.4924001693725586, 1.0841713945070903, 0.7144081294536591, 0.38400275508562726, 0.6944905817508698, 0.9340581595897675, 0.5620211660861969, 0.5680997769037882, 0.6749803026517233, 0.715264081954956, 0.40860769152641296, 0.8997769554456075, 0.3546536962191264, 0.6417955060799917, 0.7239914735158285, 0.5684977273146311, 0.8360701203346252, 0.18762280543645224, 0.6060417046149572, 0.9399188756942749, 0.31602494915326435, 0.4905812591314316, 0.41375526785850525, 0.6167837679386139, 0.6271701157093048, 0.46705543001492816, 0.7903732458750407, 0.43172110120455426, 0.6527648071448008, 0.49196704228719074, 0.4301702082157135, 0.5932292143503824], "val_classification_loss": [0.43515327014029026, 0.757097981365708, 0.4806746346876025, 0.5390166812576354, 0.3253633330265681, 0.3269887898738186, 0.6907618162367726, 0.4330878379211451, 0.3121526447745661, 0.7602276553734555, 0.433404977452786, 0.2955808262316471, 0.44330792366721045, 0.7796455253120863, 0.597946142470685, 0.4117144668659118, 0.5040102490279423, 0.4033911638349916, 0.33648275536931277, 0.7944879272674067, 0.26771855920863646, 0.7314036153256893, 0.5456185775498549, 0.6329187078711888, 0.7639475998779138, 0.41457420599181205, 1.5838903039693832, 0.7464848783177634, 0.5849299367206792, 0.7490526821153859, 5.514716414113839, 1.6205220157280564, 2.977986584107081, 2.073969066143036, 0.6702681904037794, 1.0021519263585408, 0.9025157966340581, 2.1651239317531386, 0.6299970479061207, 0.7424326079587141], "val_loss": [0.9226235393434763, 1.6881943464201565, 1.0586805644755561, 1.3303993814624846, 0.6100710382064184, 0.7882822289442023, 1.515059691402712, 1.1600782197977726, 0.8045528042130172, 1.8443990498805458, 1.147813106906445, 0.679583551514952, 1.1377984954839728, 1.713703625297209, 1.1599673284250969, 0.9798142636379149, 1.1789905516796655, 1.1186552656581625, 0.7450904667639406, 1.6942649224494442, 0.6223722653618703, 1.373199101537466, 1.2696100311974685, 1.2014164451199274, 1.6000177251795928, 0.6021970114282643, 2.189931998650233, 1.6864037341438234, 0.9009548908409973, 1.2396339462138712, 5.928471711774667, 2.237305788633724, 3.6051567097504935, 2.5410244911909103, 1.4606414561470349, 1.43387304743131, 1.555280623647074, 2.657090964106222, 1.060167261088888, 1.3356617875397205], "classification_loss": [1.3996771186590196, 1.0552134018093347, 1.0563172881640495, 1.0744214822789655, 1.0245844906722195, 0.9819129479625263, 1.012399070243264, 1.0481932140694552, 1.0269624749144204, 0.997617541119398, 1.0403426888132816, 0.9855023505892423, 1.1123757237990113, 1.0702145871626705, 1.0169674321563706, 1.0202053233145685, 1.0350577660310136, 0.9805170168428963, 0.8975325884232006, 0.8548901818569691, 0.8392033437610962, 0.7031004043639477, 0.6901000114625077, 0.6452342251257196, 0.6463884516685976, 0.6549135172151767, 0.6364037612368365, 0.664404932774119, 0.5868627818063219, 0.6235595565266012, 0.6357780737011778, 0.5819656037403028, 0.6034611968855411, 0.6117337051196159, 0.565562636505012, 0.5364194634549212, 0.5472362679324231, 0.514829698741105, 0.5446261873157209, 0.5521339019275261]}