{"val_loss": [3514.3795776367188, 4092.5369262695312, 3517.6449584960938, 2546.4735310872397, 748.0433502197266], "loss": [2979.0168357382017, 2842.955700932717, 2668.649827606824, 2238.915338010204, 1868.454046755421]}