{"val_loss": [3877.3346557617188, 2618.939208984375, 3665.432820638021, 2001.7328592936199, 1282.662577311198, 935.9842631022135, 750.2045033772787, 1290.3849131266277, 298.28071848551434, 420.80574798583984, 146.96666399637857, 135.991574605306, 116.36604563395183, 590.9466679890951, 85.77600924173991, 81.41974830627441, 83.7889191309611, 84.9260196685791, 80.13303120930989, 69.74685255686443, 108.82467206319173, 87.20517222086589, 93.62178484598796, 75.04131666819255, 86.13245646158855, 67.8598674138387, 80.45099639892578, 69.6649154027303, 83.97194862365723, 93.24177805582683], "loss": [2989.092001155931, 2850.845140106824, 2680.7206533003828, 2291.5478665098854, 1894.6891267737565, 1430.2064208984375, 949.1539929448342, 623.8422888930963, 351.4420953867387, 201.90515230139908, 105.17288060090979, 96.54867748338349, 63.82196667729592, 61.45702439911511, 59.16396429100815, 42.29946317478102, 44.732034722153024, 46.07333634824169, 35.992356280891265, 35.713067541317066, 33.612085050466106, 38.18331825489901, 31.418901939781346, 32.78670358657837, 30.40872657542326, 24.157728370355102, 24.450931899401606, 25.722210358600226, 26.39602114229786, 24.385778582825953]}