{"val_jaccard_coef_int": [0.6069601408459924, 0.5870589234612205, 0.6068030379035256, 0.5933736142787066, 0.6175768253478137, 0.6140120706774972, 0.6201884082772515, 0.5931430594487623, 0.5767854574051771, 0.6304068998856978, 0.6402552737431093, 0.6479962833903052], "binary_crossentropy": [0.06701372534935844, 0.06571747910702365, 0.06487640267473528, 0.06557806981620433, 0.06435381991510418, 0.06343682319054315, 0.0646624297074888, 0.06557984513112869, 0.06190760616726916, 0.06280718311324887, 0.05890774290109503, 0.05906607121785824], "val_binary_crossentropy": [0.07155869850380854, 0.08195544364438816, 0.07517762600698254, 0.07474698964506388, 0.06938258854841645, 0.06806809607554566, 0.06849421670829708, 0.07235733707520095, 0.08261045720428228, 0.061610398390753704, 0.06198459228670055, 0.06228550828315995], "val_loss": [0.8519936976107684, 0.9149840338663622, 0.9312521530823274, 0.9210182238708843, 0.8328281993215735, 0.8288521008058027, 0.8516873473470862, 0.889687180519104, 0.9777106209234758, 0.8398170091889121, 0.7969554405320775, 0.7439254346218976], "loss": [0.7721240818500519, 0.7552154725310446, 0.7643020118790111, 0.762507233811521, 0.7370416573409376, 0.7624334747763886, 0.7659138728832376, 0.7615225195199594, 0.7346413114975239, 0.7414661813741443, 0.7177496453126272, 0.7066324449133599], "jaccard_coef_int": [0.6209717300431482, 0.628193443534018, 0.6309503957457926, 0.6332758829511446, 0.6453765116888901, 0.644867972395886, 0.6346680778881599, 0.635310745444791, 0.6478027982273321, 0.6512412737155783, 0.6686224163263693, 0.6633511237029371]}