{"val_jaccard_coef_int": [0.02554820329797539, 0.14366014979102396, 0.15844814919612624, 0.05723516050387512, 0.2641932889819145, 0.12252657758918675, 0.2976512411101298, 0.27537732639096, 0.2939961193637414, 0.28007568554444745, 0.07476318746127865, 0.2912782894616777, 0.3787450228225101, 0.3487386479973793, 0.2501670660620386, 0.32381002977490425, 0.36081469600850885, 0.4341200427575545, 0.21949366344646973, 0.4194843125614253, 0.504370707002553, 0.4965210292826999, 0.4117496047507633, 0.46880755641243677, 0.5221120620315726, 0.3888887343081561, 0.5041318739002402, 0.5374194817109541, 0.515770358118144, 0.4480044340545481, 0.5205050666223873, 0.4961002658713948, 0.501383975148201, 0.5372734814882278, 0.5212064344774593, 0.5365608754483137, 0.5488219681111249, 0.49874766103245993, 0.5358862836252559, 0.5909959849986163, 0.56764501739632, 0.5796742046421225, 0.6082078245553103, 0.5773322934454138, 0.592437665570866, 0.6133166985078291, 0.5989496220241893, 0.625912220640616, 0.5953860133886337, 0.5950383367863569], "binary_crossentropy": [1.5199816370832508, 1.0796345492889141, 0.6154068937931938, 0.39853276877567684, 0.32964139748578786, 0.29149730760475684, 0.2577573046430774, 0.2516991090157936, 0.2563629626542672, 0.24195106361789265, 0.22522185503066272, 0.17244344059078173, 0.15620902934293637, 0.15544739237119412, 0.13897166478222814, 0.1268925909595243, 0.1268733126678686, 0.11787118017673492, 0.11235045489651718, 0.10190289386216252, 0.09484481764422066, 0.09024980463001919, 0.08839154710201011, 0.0901965568505827, 0.08773325578491578, 0.09584126724251385, 0.09484611455907767, 0.08953997492790222, 0.08145742829161129, 0.08422675555379226, 0.08324867416301678, 0.0798603835590612, 0.07913578040469652, 0.07813956894665613, 0.07910267404955008, 0.07980672773187873, 0.07681384614144249, 0.0767738608236628, 0.07780395495309227, 0.07258826207326746, 0.07232398901605742, 0.07016438783157146, 0.06893839271760535, 0.0690454946209987, 0.06829111241660583, 0.07138493057640119, 0.06644060930515501, 0.06551194580635805, 0.06885129470249703, 0.06874119105010197], "val_binary_crossentropy": [6.2896223935213955, 1.1889750754291362, 0.7207015007734299, 3.0422738790512085, 0.2904894026842984, 0.6061038849028674, 0.3301501243629239, 0.23494460501454092, 0.3202382766387679, 0.1459842019460418, 0.4928296154195612, 0.13479932262138886, 0.14785099994729867, 0.13435021313753995, 0.1287160517478531, 0.11314578100361607, 0.10162693939425728, 0.09306772612035275, 0.10828989862718365, 0.10170259343629534, 0.08544361134144393, 0.109256897629662, 0.1009725339033387, 0.08877168883654205, 0.09307555591856892, 0.15450253540819342, 0.10061659308319743, 0.08397427548400381, 0.09285784258761189, 0.08465009597553448, 0.08611945841800082, 0.10379072854464705, 0.08997826828536662, 0.07098033228381113, 0.097591765394265, 0.08104648373343727, 0.08724596952511506, 0.11135319315574387, 0.08493652651933106, 0.07399882249195468, 0.07986095090481368, 0.06834420070729473, 0.07450031269003045, 0.07731751013885844, 0.07409430219029839, 0.07427738843993707, 0.06882446877319705, 0.06760621841319582, 0.07705962276932868, 0.07361840414391323], "val_loss": [10.425840031016957, 3.6071013428948144, 2.925010551105846, 6.007716157219627, 2.168767072937705, 3.085778095505454, 2.1522394960576836, 2.180003084919669, 2.1414281021464956, 2.3289379314942793, 4.190380475737832, 1.9718481519005515, 1.68637507612055, 1.7912556691603227, 2.3547866723754187, 1.8746066093444824, 1.9501792084087024, 1.4210048968141729, 2.6296997287056665, 1.3636247624050488, 1.1437547721646049, 1.1429669504815883, 1.3678268708965995, 1.241904386065223, 1.1018143648451024, 1.4169512634927577, 1.1243261992931366, 0.9940274601632898, 1.055694971572269, 1.323704028671438, 1.1488388858058236, 1.0801746926524423, 1.0638493624600498, 1.017441144043749, 1.0570152347738093, 1.040262514894659, 1.0274652987718582, 1.1645726128058, 1.0003209547563032, 0.8996423997662284, 0.9577936746857383, 0.8699700845913454, 0.8678721338510513, 0.9429733048785817, 0.9221373498439789, 0.8945631709965792, 0.8742421215230768, 0.8771156722849066, 0.9028892503543333, 0.8749868192455985], "loss": [7.249859519388484, 4.469799609019838, 3.2468672401603613, 2.6463506769859926, 2.410531929169578, 2.222533786433867, 2.129454779898983, 2.119294041874765, 2.072532901818725, 1.942817914074865, 1.9044073696794181, 1.8194268818559318, 1.6609485793387753, 1.6245311553450836, 1.5546144473141636, 1.414081124738715, 1.4625156884905937, 1.3744782325865208, 1.318730593412772, 1.2684352877496303, 1.1461184278301808, 1.0827276994442117, 1.0747589756702554, 1.0553599424745845, 1.0684779827622162, 1.1000689322921051, 1.0867331295177853, 1.0273159687546478, 0.9770400489883861, 1.0025023228820713, 0.9951479924821306, 0.935226208862217, 0.9282465707296612, 0.9169346710731243, 0.9039959010036512, 0.9323298383033138, 0.9000623157654686, 0.8725469259695074, 0.9213209059731714, 0.8643718906517687, 0.8258881668249766, 0.8187561535287178, 0.8183399719753485, 0.8315573314140583, 0.7918104676679633, 0.8072869253569636, 0.7962796133140038, 0.7698767613405468, 0.8067076005812349, 0.7996662995596041], "jaccard_coef_int": [0.06365083223315833, 0.1216314858489338, 0.17582608673764372, 0.21963970166170735, 0.25041795676124506, 0.2450733563338203, 0.27312163169356596, 0.2738629411691907, 0.2545482090663636, 0.2974948710922537, 0.3029602070649465, 0.33065823919471654, 0.3452919267717449, 0.3586494915786831, 0.3511620758251212, 0.40069690449484463, 0.3705193521990173, 0.4013200794485794, 0.4296395112385695, 0.435037647170582, 0.4774294824435793, 0.48334974889782656, 0.4954828296242089, 0.4952933755756795, 0.5198689867025135, 0.48481548843027533, 0.48636223889630414, 0.5186993823996906, 0.5337483882904053, 0.5339355280344513, 0.5285298194008312, 0.5543584467350752, 0.548979494078406, 0.5552122856693706, 0.5603169850234327, 0.5678560494006365, 0.569319708251405, 0.5723931385182787, 0.5686977738621591, 0.5925449770072411, 0.6049019177069609, 0.6015428280693361, 0.6103855676349552, 0.6138256137398468, 0.6140777537192421, 0.6125936425965408, 0.6221110601534788, 0.6246960594736296, 0.6180135871487102, 0.6161541250245325]}