{"loss": [3.527445287704468, 2.4045091533660887, 1.950664177417755, 1.6877599215507508, 1.5464458694458008, 1.396363392829895], "regression_loss": [2.616670824050903, 2.0549155015945435, 1.6457106113433837, 1.4063765320777892, 1.2823671567440034, 1.1519763433933259], "val_regression_loss": [2.3294426822662353, 1.8071094465255737, 1.5950597310066223, 1.3357349014282227, 1.2105380308628082, 1.077193216085434], "val_classification_loss": [0.8228975021839142, 0.8769745826721191, 1.0839889585971831, 1.25940465092659, 1.3450134336948394, 1.1219907188415528], "val_loss": [3.152340178489685, 2.6840840339660645, 2.679048683643341, 2.5951395511627195, 2.5555514597892763, 2.199183933734894], "classification_loss": [0.9107744588851928, 0.34959365272521975, 0.30495356637239457, 0.28138339138031004, 0.2640787106752396, 0.24438704752922058]}