{"loss": [3.1603573579942026, 2.1179293509452575, 1.5705431642070893, 1.246091099516038], "binary_error": [0.0737703231073195, 0.029684558991462953, 0.007951582631757182, 0.003014026149626701], "val_binary_error": [0.07654943466186523, 0.06595929463704427, 0.03516432444254557, 0.00027618408203125], "jaccard_coef_int": [0.6241585797359867, 0.7780235900032905, 0.9068064257021873, 0.9755229228927244], "binary_crossentropy": [1.0744716938464873, 0.4619912086955963, 0.12480749844783737, 0.04700207513862199], "val_binary_crossentropy": [1.0690419276555378, 0.9276923735936483, 0.5460117061932882, 0.004782252913961808], "val_loss": [2.80302038192749, 2.3486239910125732, 1.8424633820851644, 1.3721415440241496], "val_jaccard_coef_int": [0.6434359550476074, 0.6593189040819804, 0.7811761816342672, 0.9933928767840068]}