{"loss": [0.48832770030498507, 0.08468970117568969, 0.06907345265150071], "binary_error": [0.009608403015136718, 0.001483769989013672, 0.001189971923828125], "val_binary_error": [0.0017465248107910157, 0.0013158416748046875, 0.0011751976013183595], "jaccard_coef_int": [0.9336785096675158, 0.9789185303688049, 0.985314967918396], "binary_crossentropy": [0.06694204002022744, 0.010519279991090298, 0.00925353484749794], "val_binary_crossentropy": [0.010598198622465133, 0.00935118827968836, 0.00929207593202591], "val_loss": [0.10855127573013305, 0.07490183329582215, 0.06720155388116837], "val_jaccard_coef_int": [0.974596704006195, 0.9841693468093872, 0.9856570382118225]}