{"loss": [4.810730522329157, 2.8948412375016646, 2.377145778049122, 2.4122156013141978, 2.385240446437489, 2.465497461232272], "jaccard_coef_int": [0.6232660006393086, 0.7513296658342535, 0.790905394337394, 0.7809285575693304, 0.8008750948038968, 0.7849216461181641], "binary_crossentropy": [0.6227514012293383, 0.720395798032934, 0.6362032781947743, 0.6740765950896523, 0.7206780477003618, 0.7411684204231609], "val_binary_crossentropy": [3.9977126121520996, 5.134106159210205, 5.243365287780762, 5.357182502746582, 2.204895257949829, 2.4312663078308105], "val_loss": [5.684281349182129, 6.696240425109863, 7.485276222229004, 10.12684154510498, 6.194850921630859, 7.1143107414245605], "val_jaccard_coef_int": [0.6295312643051147, 0.5699502229690552, 0.5174472332000732, 0.3369312286376953, 0.6058034896850586, 0.505355179309845]}