{"loss": [1.7100038889249165, 0.8841256404850218, 0.7205145896938112, 0.5999946610000398, 0.5259026920017269, 0.47816993466102414, 0.42930877932906153], "regression_loss": [1.3695643159945805, 0.713018134507868, 0.5850248711241616, 0.4912519056797028, 0.4396585716406504, 0.4027872663670116, 0.36920914546151956], "val_classification_loss": [0.34038379169052774, 0.22365493851289311, 0.20193157004120071, 0.2116848975271908, 0.19801573208845863, 0.3857509182542299, 0.3864246092962147], "val_regression_loss": [1.143040051940473, 0.6861339436297703, 0.5287853984076648, 0.3636171225287257, 0.31563572213053703, 0.5980316634049685, 0.34332705117999035], "val_loss": [1.4834238464545866, 0.9097888794046409, 0.7307169671588357, 0.5753020215828907, 0.5136514570886539, 0.9837825859406496, 0.7297516557899741], "classification_loss": [0.34043957193692526, 0.1711075069937441, 0.1354897184934881, 0.10874275509681966, 0.0862441199604008, 0.07538266895959775, 0.06009963353061014]}